1.077247576635219223e-01,2.631823425509626224e-01,-3.394936116117910907e-01,3.298980225009231493e-01,-1.248549966058282029e-01,8.411936264400032837e-01,-5.681098081016845436e-01
-5.466197220956990899e-01,-7.634689858877337088e-01,-5.788540870676323058e-01,6.771062619407580696e-01,1.331292608948938083e+00,1.040666721018192131e+00,-1.690898346542963893e-01
-1.084584400568927798e+00,-6.001380927270320020e-01,-1.193171642152579093e+00,9.612947413098921201e-01,2.263241522462679178e+00,-1.503853748318044081e+00,-4.137950110714368190e-02
-1.252519660382236943e-01,5.318547991577474848e-02,-4.242803395801251209e-01,-2.279626981610094194e-01,-1.986732031009099397e-01,-7.658597667507843765e-02,-7.683171580538353806e-01
2.883034832259036007e-01,-8.681242850768383645e-02,2.864175763553925558e-01,-1.822863404846251922e-01,6.982991459090202024e-01,8.962040124565078258e-01,-4.454283167763247731e-01
-4.880207801548466229e-01,-7.168030164132475068e-01,-3.187768805182684129e-01,4.273347348550755875e-02,-1.881623205599291526e-01,3.126337588050431826e-01,9.956835306995931445e-01
1.101173847836564690e+00,5.431781593978798339e-01,9.281825510035243143e-01,-9.541920137124431101e-01,9.719486650609733269e-01,7.005630959890003506e-01,-1.115331288470995386e+00
2.216728012664309411e+00,2.433149923114570790e+00,1.964853945501507493e+00,-1.542844070014159685e+00,-1.334795467933898028e-01,6.168573663397388662e-01,-1.691343996713131181e+00
2.490188540392112571e-01,7.765080067703107325e-01,5.435818339722933157e-01,-9.799654367056196413e-01,1.395461521970154939e-01,3.930012351471104948e-01,1.006727606630537092e-01
8.147125179118765992e-01,1.266500686252415742e+00,9.456284256128337784e-01,-1.182055128186201065e+00,-3.142970318210857039e-01,3.470461115171790678e-01,-3.337002906329247232e-01
-3.289844371332155126e-01,-7.168030164132475068e-01,1.121799710043716453e-01,-6.710106735227041597e-01,-5.577311242566135308e-01,-4.130416854017137651e-01,9.693922611566253567e-01
-7.870909316687451085e-01,-7.401360011504906078e-01,-9.459650489716715516e-01,4.702434011357440324e-01,-7.930175345203073212e-01,-1.026436562227583726e+00,6.706111267819211963e-02
-7.941164601714864046e-01,-6.001380927270320020e-01,-7.860862777632904308e-01,-3.209135702822368263e-01,-1.547832197841959578e+00,-2.317144869731567081e+00,1.348814000978463934e+00
4.551058063723837921e-01,-2.268103369311424145e-01,5.879232974095559561e-01,-1.107071407311601474e+00,-2.045067393366539754e+00,-5.505813678348890905e-01,9.106375301770627817e-02
-4.606363240124669578e-01,1.698504036019902463e-01,-3.936416716167638885e-01,-5.248916829307967991e-01,-1.963349615444847318e+00,-5.218301125320307099e-01,1.427184407910233321e-01
-3.334162742237107291e-01,-5.301391385153026992e-01,-1.791399151547026780e-01,-1.838502404198578688e-01,1.676500861095343159e-02,2.321539555791871379e-01,-5.805784429596374530e-01
-3.282885455135304831e-01,-2.501433216683855432e-01,-5.321807973396051050e-01,1.259222151513195720e-01,4.366845260291478126e-01,1.938428003773034689e-02,5.781262753279828859e-01
2.418032120211833558e+00,3.366469312604294828e+00,2.299686163668763772e+00,-1.416463669111515555e+00,9.433300037878814548e-01,7.159006724961757273e-01,-1.653375407970570032e+00
4.680858637298474512e-01,-4.014645903319764147e-02,3.908932222301188530e-01,-3.287897474646716556e-01,1.255708256917317467e+00,1.046090726390748404e+00,-3.711619943572363467e-01
1.399696230404396058e+00,1.126502777828957136e+00,1.384727886464934388e+00,-1.342467872228468639e+00,-6.165987657238477526e-01,3.568448612564238398e-01,-1.332259450092874831e+00
-5.027039852510049034e-01,-7.634689858877337088e-01,-3.029320417071355576e-01,-2.481985909487626277e-02,4.888014927262177567e-01,-2.472559852577072892e+00,5.923689700870766739e-01
3.700329811113450273e-01,3.331812967626919253e-01,4.733182753753603644e-01,-5.029949206421175933e-01,7.354128494139605676e-01,2.810576237717966053e-01,-4.401766135908363187e-01
4.513219666564718957e-01,-2.034773521938993412e-01,5.620258197939784761e-01,-3.937954331739916825e-01,2.112829336166381466e+00,5.791276067008187534e-01,-3.879483154712985993e-01
5.210207989440758247e-01,-2.968092911428717451e-01,4.725726769752873202e-01,-2.289636092648077992e-01,-1.580560916979169561e-01,5.103282587134778080e-03,-8.803783015791070143e-01
-2.982288435413328886e-01,-3.901412300918440934e-01,-5.370251673470948228e-01,6.459347280158013183e-01,-1.975956614296415503e-01,1.902506585535443384e-01,-1.593684358977422721e-01
-1.196550832388184160e+00,7.651846465301784250e-02,-1.477644108791206667e+00,1.137946845500939830e+00,-1.320649132909242462e+00,-9.451147690824232006e-01,-1.410650545203463169e-01
-1.959651030247074210e+00,-7.868019706249768097e-01,-2.118652044466196482e+00,3.137093610805534727e+00,-5.996975696897155483e-01,-4.088513538672911451e+00,2.886506179250773574e+00
-1.679406515958635104e+00,-7.868019706249768097e-01,-1.745303263774800273e+00,2.296251852859457543e+00,3.324861720961063138e-01,-2.457511750016753704e-01,2.351367264582540528e+00
5.424092323657400128e-01,3.331812967626919253e-01,1.082722779234015498e-01,3.496623953594540056e-03,6.944053388116323555e-01,1.142615834299487210e+00,-6.562686460901538954e-01
3.136675632836666283e-01,-7.401360011504906078e-01,1.478303054119640414e-01,2.200433269543502490e-01,5.045287915244033305e-01,1.182375197684987445e+00,2.136852212015842023e-01
-1.202716280623669531e+00,-7.868019706249768097e-01,-1.240615567270813235e+00,2.203911046740113289e+00,1.706294220227075054e-01,4.347898907518710221e-02,1.496133765805987670e+00
3.390732502592572195e-01,-5.768051079897889011e-01,6.870594598191537283e-02,4.306874230508156431e-01,-1.698407900701671136e-01,9.972296459595344498e-01,-9.439322580195521617e-01
-1.759068819609497014e+00,-7.868019706249768097e-01,-1.668501305994172235e+00,1.922162165340674855e+00,-1.021067952127910905e+00,-1.054751026428860927e-01,2.218046358310751476e+00
1.131945008271596276e+00,1.406498594675874347e+00,6.544565324650987170e-01,-5.219808966422595509e-01,-1.364232244820654083e+00,1.016322632958081007e+00,-7.193991378836449568e-01
2.264127796096198908e-01,-4.014645903319764147e-02,3.080414298291328512e-01,5.598955619909796316e-03,-9.905753014556475944e-02,7.769637620256014676e-01,-9.032071768968091829e-01
-1.075021786941221302e+00,-7.868019706249768097e-01,-8.660486606731552239e-01,9.005585067834617208e-01,1.324156150705060986e+00,7.404711064794637920e-01,-2.595288419405750724e-01
-1.314272341895738272e+00,-7.868019706249768097e-01,-1.272876393436071840e+00,1.203833141649022220e+00,2.269482199525386878e+00,-2.087111121929067004e+00,1.661780745345144972e+00
3.050052224265769607e-01,6.131771136096091368e-01,5.170290842334826498e-02,-3.880619539431235943e-01,-2.235317881127320619e-02,2.062365941088634413e-01,-1.134616058888030299e+00
-5.892984214115752906e-01,-6.234710774642751030e-01,-3.582721905118320116e-01,2.032191488191353868e-01,7.355138647098797833e-01,6.289982044200805866e-01,-8.996263654140175536e-02
1.117809628628302354e-01,-1.801443674566562403e-01,4.135456958407651706e-01,-3.851266555429010419e-01,-8.235440973820999655e-02,-2.570258552746254033e-01,-1.120044104587137462e-02
1.016657138451118714e+00,3.565142814999350263e-01,1.178171168425926174e+00,-9.693140846483689899e-01,1.006951680294638107e+00,5.227995231923828756e-01,-9.800250671918471213e-01
2.297643292754966815e+00,2.946475587333918789e+00,2.059942048514785906e+00,-1.664441221322050968e+00,-2.062241449306981556e-01,4.787486130840437060e-01,-1.483806710449214750e+00
1.399837816090460374e-01,-1.681347429595454745e-02,6.234929337075284517e-01,-9.392276729555060211e-01,1.442591020939028301e-01,6.991488751971376425e-01,4.236864754824042345e-01
1.051415093883627305e+00,1.196501732040686550e+00,1.302159668394076375e+00,-1.269633950000005562e+00,-3.169054428606739582e-01,1.461898615820887981e-01,-3.508798287382259296e-01
-4.966705998155260260e-01,-6.934700316760044059e-01,-1.722063252102106756e-01,-3.196728857595412809e-01,-4.307794777665381880e-01,-7.881984469927620918e-01,1.040221200475281993e+00
-1.015995919793022173e+00,-7.168030164132475068e-01,-1.148183354904062758e+00,7.699586762305438148e-01,-7.169723919191848260e-01,-1.303269935022775217e+00,1.282156998943074111e+00
-7.762843956963101366e-01,-7.634689858877337088e-01,-9.272822712206314488e-01,1.070410325570261140e-01,-1.568311609699095222e+00,-2.274016292661029670e+00,1.160793755110041792e+00
1.333281675893774072e-03,-4.368071995663302953e-01,-1.173131744646321306e-01,-4.335392312324436448e-01,-2.034121780708386229e+00,-6.506615058211140390e-01,-1.347497528064388328e-01
-2.822800530114984996e-01,2.398493578137195215e-01,-3.074905534326080048e-01,-3.235757634519385584e-01,-1.955582019431950425e+00,-1.117277576452876620e+00,-2.125847671000707095e-01
2.908770547506370555e-02,-5.768051079897889011e-01,2.864951739273673970e-01,-4.498970601136105252e-01,-5.733295470309029279e-02,3.298741437255490183e-01,-4.562340351722629084e-01
-5.436886411663915952e-01,-7.168030164132475068e-01,-4.383658811263562716e-01,7.618716287748658611e-02,5.806398579878201405e-01,-1.290152905127496183e-02,1.335595060840518933e+00
2.236711311997299667e+00,2.666479770487001577e+00,2.310968730767102297e+00,-1.579748300391817128e+00,8.958934413326898882e-01,4.236438255309981638e-01,-1.347189764032220349e+00
3.405877463913249414e-01,-2.968092911428717451e-01,6.067266738395948877e-01,-3.855211244049011055e-01,1.289498055057193282e+00,8.611060801918256624e-01,9.598700780834827639e-02
1.176763968426733475e+00,1.149835762566200348e+00,1.036107663760966968e+00,-1.152132718080768115e+00,-6.190218110202952984e-01,6.174037432426120464e-01,-1.420086269873002127e+00
-4.906947753587913019e-01,-7.634689858877337088e-01,-2.718985455423469366e-01,-1.677412368785787672e-02,4.837653029379422875e-01,-1.188939902440865337e+00,3.495378530638034720e-01
6.523389963877971320e-01,5.665111441351229349e-01,7.681032608869254874e-01,-8.078682516618462817e-01,6.109589371498623800e-01,3.270591447562259391e-01,-6.704174754206985165e-01
7.300861177074445818e-01,-6.347944377044073549e-02,9.120246335574504482e-01,-6.833146020504616835e-01,2.088870710420463350e+00,3.917259801143753717e-01,-5.694274791717170991e-01
4.791746002006693761e-01,-3.901412300918440934e-01,4.337838254564601592e-01,-2.523396945268421843e-01,-1.649086192898439607e-01,1.156413337021281323e-01,-6.380559926086001310e-01
-2.940510683716380247e-01,-6.468040622015182040e-01,-2.443073235436755974e-01,6.028753321201221205e-01,-1.720675616327043134e-01,7.077984365162258706e-01,-2.241334804302137496e-01
-9.966428188924254528e-01,-3.901412300918440934e-01,-1.149803114601308129e+00,1.028842798916738577e+00,-1.277412667428369231e+00,-6.851700585532360943e-01,-6.104673779680754864e-01
-1.641317149899765626e+00,-6.934700316760044059e-01,-1.781184651801436925e+00,2.124983627232347683e+00,-5.596519961211053884e-01,-2.192274961188526994e-01,1.511145853134855388e-01
-1.120837457638701684e+00,-6.001380927270320020e-01,-1.171846430823447971e+00,1.308702707034881119e+00,3.357961730153834479e-01,1.974934960213845792e-01,6.178981292808626291e-01
7.711771875205154503e-01,-4.601401843035733963e-01,7.838923437543494632e-01,-1.763028498474129568e-01,6.889686192635441353e-01,7.883892156548655272e-01,-3.646461685520040463e-01
5.375833887950863810e-01,-6.934700316760044059e-01,6.379051544038801813e-01,2.714406729676320518e-02,5.012399157578872888e-01,1.048019298937941768e+00,-8.914037252084647256e-02
-1.040118199793380160e+00,-7.868019706249768097e-01,-9.884799259410070871e-01,1.367627316209522714e+00,1.769896279122289695e-01,-2.904049142361372349e-01,2.113201122105093255e+00
1.799165639607195333e-01,-5.768051079897889011e-01,1.896526877765136454e-01,1.751999174285403527e-01,-2.234204004889299988e-01,9.235462002612611077e-01,-9.922306623834031836e-03
-1.674273730467114030e+00,-7.868019706249768097e-01,-1.496712744602386680e+00,1.464008644644541279e+00,-1.012663044534673595e+00,3.325158322284867962e-01,1.845642814076190685e+00
1.755072074264956372e+00,2.993141556808405213e+00,1.660562604546608867e+00,-1.136695361190027009e+00,-1.395548716838278525e+00,9.212182292153340279e-01,-7.703613854802766614e-01
