2.034392603321379944e-01,7.350860347058759195e-03,-3.549855220028381997e-02,-1.043928971984472015e-01,-1.248549966058282029e-01,7.786647814711435966e-01,-4.293988771525785730e-01
-3.089262842080609528e-01,-5.620362729316373818e-01,-2.001489973564317404e-01,8.920847578776015807e-02,1.331292608948938083e+00,1.118044104480698797e+00,2.825962729512196403e-01
-9.493832148833095674e-01,-6.325546698759823006e-01,-9.732901490875291994e-01,4.764112217601739196e-01,2.263241522462679178e+00,-1.114141991670018150e+00,6.311694201951786876e-02
-1.808348980730112021e-01,-3.461052651359228238e-02,-4.641564015571291724e-01,-3.985910620304507213e-02,-1.986732031009099397e-01,1.295423898285122666e-01,-9.669394633758559010e-01
4.596220326022374403e-01,-7.526159337437678121e-02,5.389519252682484218e-01,-4.915956431708609631e-01,6.982991459090202024e-01,9.888760121175458329e-01,-2.261967214813622451e-01
-5.651090564781603431e-01,-6.666070447312631986e-01,-4.898193383236124077e-01,3.473436397693696609e-01,-1.881623205599291526e-01,2.747255014558894759e-01,9.870788806271021398e-01
1.228170349412535778e+00,8.866594244227499200e-01,1.014257927060929543e+00,-1.007865971134080052e+00,9.719486650609733269e-01,7.147924827975867812e-01,-1.107951096448234196e+00
2.252901438492933561e+00,2.708247226599880708e+00,1.822958190189179817e+00,-1.459602508101896845e+00,-1.334795467933898028e-01,6.867149389108887503e-01,-1.777223116274110781e+00
-5.274351193796146531e-02,-4.017158123473637543e-01,1.317992944057402305e-01,-2.979942701846545750e-01,1.395461521970154939e-01,5.251670300179963613e-01,-1.042800610507174236e-01
4.596220326022374403e-01,2.628707881939063573e-01,3.245962442612929655e-01,-5.561294341662640361e-01,-3.142970318210857039e-01,2.392397617956843192e-01,-5.853447175514192580e-01
-5.651090564781603431e-01,-6.746642082180630551e-01,-3.355975658864919220e-01,-3.985910620304507213e-02,-5.577311242566135308e-01,-4.776404211475255845e-01,6.647665764616655926e-01
-8.212918287482599000e-01,-5.613083642064570222e-01,-1.037695831011971270e+00,4.118774307647717903e-01,-7.930175345203073212e-01,-1.309595466142047693e+00,-1.908260855047655413e-01
-1.077474601018359346e+00,-6.956417234019210971e-01,-1.221868197617329566e+00,7.345463857417834364e-01,-1.547832197841959578e+00,-2.285176329031783915e+00,6.916259351421185642e-01
-5.274351193796146531e-02,-3.439380263932342308e-01,-1.041124775473124819e-01,-2.979942701846545750e-01,-2.045067393366539754e+00,-4.427556344247378095e-01,-3.815634403695116195e-01
-6.932004426132101216e-01,-4.577284722751632229e-01,-6.467961175388396988e-01,2.182760577785644307e-01,-1.963349615444847318e+00,-4.995844272234604144e-01,-2.289175396334075518e-01
-1.808348980730112021e-01,-3.653435055027789979e-01,-1.518127195176485478e-01,-2.334604791892524456e-01,1.676500861095343159e-02,3.282140162659770155e-01,-4.955577185339051782e-01
-4.370176703431106757e-01,-6.066160763434331749e-01,-5.958975281706877514e-01,4.764112217601739196e-01,4.366845260291478126e-01,9.507894442609426955e-02,5.726773467001127216e-01
2.893358369168182342e+00,4.592556820250029759e+00,2.831242019790449316e+00,-1.975872836065115878e+00,9.433300037878814548e-01,6.977432414396613769e-01,-1.591419552696388573e+00
4.596220326022374403e-01,3.815521769240723393e-02,4.960963673863284518e-01,-6.206632251616661655e-01,1.255708256917317467e+00,9.888760121175458329e-01,-3.159837204988763526e-01
1.612444507817685002e+00,1.918027979655173576e+00,1.639326806307917384e+00,-1.330534926111092586e+00,-6.165987657238477526e-01,2.703784983475159276e-01,-1.348018191964559298e+00
-4.370176703431106757e-01,-5.339210366957534148e-01,-1.420394267336339833e-01,-1.043928971984472015e-01,4.888014927262177567e-01,-2.629560503859135423e+00,8.489450359847721117e-01
4.596220326022374403e-01,-1.753595296269569170e-01,8.007339371550619145e-01,-6.206632251616661655e-01,7.354128494139605676e-01,5.852257234826981902e-01,-1.962677218088568487e-01
5.877134187372872187e-01,-2.448617582499737766e-01,9.402122310348987044e-01,-6.851970161570682949e-01,2.112829336166381466e+00,6.869722838410683430e-01,-9.287663203111343191e-02
8.438961910073866646e-01,2.215231694756285008e-01,1.087236458995848309e+00,-8.787983891432756822e-01,-1.580560916979169561e-01,4.275498294847094316e-01,-5.684283264321777773e-01
-1.808348980730112021e-01,1.622516044179432848e-01,-1.827711626744177309e-01,1.537422667831623013e-01,-1.975956614296415503e-01,4.275498294847094316e-01,8.057552516181226698e-02
-1.205565987153409013e+00,-5.262077842297316899e-01,-1.372788217305309644e+00,1.444418086691208858e+00,-1.320649132909242462e+00,-1.161823182015008671e+00,-2.561257211538669476e-01
-1.846022917828657794e+00,-7.479183834317847390e-01,-1.970674407510973669e+00,3.380431816553280289e+00,-5.996975696897155483e-01,-3.854927451500642643e+00,2.437484249371565159e+00
-1.589840145558558238e+00,-7.479183834317847390e-01,-1.621741168310987469e+00,2.476958742617646703e+00,3.324861720961063138e-01,-3.512429461501528349e-01,2.437484249371565159e+00
5.877134187372872187e-01,9.036757640940766834e-01,3.060099088370676901e-01,-4.270618521754588337e-01,6.944053388116323555e-01,1.107302336469093040e+00,-6.098320809198326531e-01
3.315306464671877174e-01,-4.970278846664935024e-01,3.424995497733449024e-01,-2.979942701846545750e-01,5.045287915244033305e-01,1.110980224429587659e+00,4.527190079317733873e-01
-1.077474601018359346e+00,-7.388508377542505334e-01,-1.081297768247106106e+00,1.250816713705002359e+00,1.706294220227075054e-01,2.264254669183879132e-01,1.913726755102731047e+00
7.158048048723368861e-01,7.893227390480467287e-01,7.140716238313888908e-01,-6.206632251616661655e-01,-1.698407900701671136e-01,8.293998111257060435e-01,-7.174818425877351746e-01
-1.589840145558558238e+00,-7.479183834317847390e-01,-1.494925060559306962e+00,1.508951877686610876e+00,-1.021067952127910905e+00,-3.512429461501528349e-01,2.437484249371565159e+00
9.719875771424364430e-01,6.891759694295527261e-01,7.589037102767203224e-01,-7.497308071524704243e-01,-1.364232244820654083e+00,9.100834757760243310e-01,-7.469613157829454453e-01
5.877134187372872187e-01,-5.217112409141351492e-02,9.095957578074682637e-01,-6.851970161570682949e-01,-9.905753014556475944e-02,5.818897706840624462e-01,-5.009993548379971795e-01
-8.212918287482599000e-01,-6.455497122049085323e-01,-5.011758286030713050e-01,1.537422667831623013e-01,1.324156150705060986e+00,5.818897706840624462e-01,2.662713640389443026e-01
-1.205565987153409013e+00,-7.406508964124651762e-01,-1.118124145006188730e+00,8.636139677325876951e-01,2.269482199525386878e+00,-1.559166434889938335e+00,1.988549254283993539e+00
3.315306464671877174e-01,3.876836067994137158e-01,1.667284914703821286e-01,-3.625280611800567043e-01,-2.235317881127320619e-02,3.480811789097237874e-01,-1.168172605910723583e+00
-4.370176703431106757e-01,-5.309408951554401845e-01,-2.963954899043459434e-01,8.920847578776015807e-02,7.355138647098797833e-01,6.140578869566150066e-01,2.014196813079317805e-02
7.534787419708827150e-02,-2.699662630449700673e-01,1.943484217765213684e-01,-2.334604791892524456e-01,-8.235440973820999655e-02,-2.444998698222699829e-01,-6.833591928717011599e-02
1.100078963277486110e+00,4.258097873285213164e-01,1.287869132656002336e+00,-9.433321801386778116e-01,1.006951680294638107e+00,7.637633511481115578e-01,-8.501012531158849139e-01
2.124810052357883894e+00,2.866252057011011711e+00,1.599742725040094848e+00,-1.459602508101896845e+00,-2.062241449306981556e-01,2.391898791599154916e-01,-1.741372335917741099e+00
-1.808348980730112021e-01,-3.881197895882322335e-01,3.279261656014551603e-03,-1.689266881938493448e-01,1.442591020939028301e-01,7.255572691409065689e-01,8.057552516181226698e-02
5.877134187372872187e-01,2.184330544786499684e-01,4.729064121173419122e-01,-6.206632251616661655e-01,-3.169054428606739582e-01,5.647720489903062385e-02,-6.914566254812094526e-01
-6.932004426132101216e-01,-6.895186369074932653e-01,-5.673561977585938054e-01,1.537422667831623013e-01,-4.307794777665381880e-01,-8.527784297789521295e-01,7.233688135826541465e-01
-1.077474601018359346e+00,-7.111523177997807199e-01,-1.228980781683639334e+00,7.990801767371855657e-01,-7.169723919191848260e-01,-1.971226104538013724e+00,1.040797597988007972e+00
-9.493832148833095674e-01,-6.893189502722470996e-01,-1.182746982978895467e+00,7.345463857417834364e-01,-1.568311609699095222e+00,-2.385640400869791122e+00,7.614602677112961571e-01
-3.089262842080609528e-01,-3.433969615237668638e-01,-6.574634230769477172e-01,1.537422667831623013e-01,-2.034121780708386229e+00,-8.033312694211838245e-01,-6.152737172239246544e-01
-4.370176703431106757e-01,-4.546681831739590174e-01,-4.106106113032201299e-01,-3.985910620304507213e-02,-1.955582019431950425e+00,-1.072623676267576043e+00,-2.561257211538669476e-01
7.534787419708827150e-02,-1.596045791243136391e-01,8.938285710541594986e-02,-4.270618521754588337e-01,-5.733295470309029279e-02,3.834005791652729256e-01,-4.380470917122294972e-01
-6.932004426132101216e-01,-6.660578026607387736e-01,-7.960818529728349580e-01,1.057215340718796082e+00,5.806398579878201405e-01,-1.463904246679659515e-01,1.104283354869078471e+00
2.252901438492933561e+00,2.680362015471019710e+00,2.233759593355585160e+00,-1.653203881088104232e+00,8.958934413326898882e-01,4.376050464962388808e-01,-1.386385591139048135e+00
2.034392603321379944e-01,-2.536021013253890177e-01,3.643119345100168105e-01,-4.270618521754588337e-01,1.289498055057193282e+00,7.082216563077204929e-01,1.586797129036560672e-01
1.228170349412535778e+00,1.640038162902154095e+00,9.840262390670080350e-01,-1.072399762129482959e+00,-6.190218110202952984e-01,6.799091245205021172e-01,-1.555607074455784389e+00
-4.370176703431106757e-01,-5.752956520963911080e-01,-1.898233416203385093e-01,2.182760577785644307e-01,4.837653029379422875e-01,-1.072623676267576043e+00,4.345435020577826379e-01
7.158048048723368861e-01,-8.862413790424705784e-02,1.039985767305767750e+00,-8.142645981478735528e-01,6.109589371498623800e-01,3.967538495832498291e-01,-4.193748102766204355e-01
8.438961910073866646e-01,3.616406369289729833e-02,1.109178305310909884e+00,-8.787983891432756822e-01,2.088870710420463350e+00,4.275498294847094316e-01,-3.634797417182860091e-01
5.877134187372872187e-01,-6.055936294313492285e-02,6.859341875892079887e-01,-5.561294341662640361e-01,-1.649086192898439607e-01,5.647720489903062385e-02,-4.737911733175378393e-01
-1.808348980730112021e-01,-3.428952624008706485e-01,-2.373206676948994356e-02,-3.985910620304507213e-02,-1.720675616327043134e-01,8.248930823596389850e-01,2.819977573492905495e-02
-9.493832148833095674e-01,-5.478586778601014506e-01,-1.065572115374191720e+00,7.345463857417834364e-01,-1.277412667428369231e+00,-6.055426279901079401e-01,-7.748950488106167711e-01
-1.589840145558558238e+00,-7.251875291942250223e-01,-1.692214715203604891e+00,2.025222205649829910e+00,-5.596519961211053884e-01,-3.512429461501528349e-01,-7.655172311883808034e-02
-1.077474601018359346e+00,-6.689395292651800773e-01,-1.127954705066849916e+00,1.573485668682015115e+00,3.357961730153834479e-01,-8.752475757538495660e-02,6.916259351421185642e-01
7.158048048723368861e-01,8.726802809185567333e-02,6.595480107957747418e-01,-6.206632251616661655e-01,6.889686192635441353e-01,8.293998111257060435e-01,-3.448480521988414593e-01
4.596220326022374403e-01,-2.074786832178607543e-01,5.768974653015588316e-01,-4.915956431708609631e-01,5.012399157578872888e-01,1.104204666013217651e+00,-1.669372377382798492e-02
-1.077474601018359346e+00,-7.395530323335630651e-01,-1.187558913774406699e+00,2.154289787640636167e+00,1.769896279122289695e-01,-4.014749820691549953e-01,1.913726755102731047e+00
7.534787419708827150e-02,-3.105873605283823169e-01,1.197002209503348624e-01,-3.985910620304507213e-02,-2.234204004889299988e-01,9.328134720293727034e-01,1.382211902951013469e-02
-1.461748759423508570e+00,-7.479183834317847390e-01,-1.402174166052720716e+00,1.831620832663623633e+00,-1.012663044534673595e+00,3.834005791652729256e-01,2.437484249371565159e+00
1.356261735547585667e+00,1.125797762692663406e+00,1.324805445916563906e+00,-1.136933553124885199e+00,-1.395548716838278525e+00,8.086749904055610116e-01,-8.547057146039629405e-01
