-4.492458875987174749e-01,1.653665740105232096e-01,-1.048149629091885832e-01,1.053300574161667447e+00,6.575038340572428863e-01,3.585194775297632225e-02,-2.067748626999746722e-03,-5.112188091597429374e-01
-3.367159478621723490e-01,-1.708776769072726728e-02,6.665312122504508663e-01,5.137406017268751901e-01,1.757787812685195128e+00,3.516010345512352586e-01,1.242855287330749237e+00,-8.479095362349933218e-01
-6.920941003148403659e-02,-1.589292957119579075e+00,1.954927058546802821e+00,-1.866912188569267661e+00,1.056785920856180061e+00,-2.760319919755541834e-02,1.252931623102516268e+00,-7.831953858136709856e-01
-7.403470504305714739e-01,1.111087874195441305e+00,-5.111214485050253886e-01,9.139005373327125925e-01,5.085547499452520714e-01,1.263826659669633479e-01,1.132999585635446671e+00,-8.868593371699989847e-01
-6.326888683812510739e-02,9.474204602047338053e-01,2.309545432781739960e-01,5.865773552065998153e-01,1.442076395216267848e+00,7.259469814039558599e-01,1.246393760792434691e+00,-3.339107647830902859e-01
-2.200741336986628549e-01,1.447193591176149763e+00,-5.760347912611906915e-03,6.610494024601728524e-01,1.194743851178736271e+00,8.800253920946320418e-01,7.496220936502776544e-01,-3.948511559179448405e-01
3.209240906356133211e-02,5.910307013156161915e-01,-4.159566971719987905e-01,5.334448260636892591e-01,1.666921291270819117e+00,9.293563962629726172e-01,1.450904277087355920e+00,-6.716369865660745120e-01
-2.967503389460841023e-01,3.279864424588466720e-01,-4.180703021835900923e-01,6.208043452227341996e-01,1.134703094415187907e+00,3.315716394549172441e-01,1.273456830386169303e-01,-7.168446782935742334e-01
-5.516302288685932635e-03,2.619487019376665754e-02,-3.517254622644906958e-01,1.058197050046380192e-02,1.847264647988263286e+00,1.187166332051446505e+00,-3.875028551361442974e-01,-1.755560379355038114e-01
2.724506522566718658e-01,-3.453038141115419984e-02,-3.643630427754379619e-01,2.487055350870929771e-01,4.130454135680977079e-01,4.236219410793225504e-01,-7.196867938448734403e-01,1.009825528690348140e+00
2.828299389796810059e-01,2.553496660429048840e-02,-5.247267318913911849e-01,2.195495499742618761e-01,-1.784934299752223841e-01,9.421426494725254619e-02,-3.066752361176233177e-01,8.778551801659953968e-01
-1.626561532020117440e+00,1.811040054291058521e+00,-1.496037926702375565e+00,-7.982922648672764743e-02,-3.053907222027789081e-01,-3.127345523800403870e-01,-1.132510273699684628e-01,-1.305243517400102693e+00
-1.627588713676379362e+00,1.786079637582204338e+00,-1.250533619225821624e+00,4.717987361867053697e-01,-6.107127032476453166e-02,-6.700372868774184809e-01,9.222501773968954167e-03,-1.248680936600528479e+00
-3.908371591056325478e-01,1.161439474737437250e+00,1.870877790254632800e-01,5.918906340363095930e-01,4.787696242424144960e-02,2.489553298633924994e-01,-1.127134089063632549e+00,-7.425728855062506406e-03
3.670339425192062355e-01,-5.363724725670491189e-01,1.837938377151716374e+00,-8.737497072723680869e-02,2.886116558105868424e-01,7.508819958410198891e-01,-1.399304920322605783e+00,1.504064556538829533e+00
7.246793419456555307e-01,-4.033230506562799911e-01,-4.392213518293370811e-01,1.520868412176787088e-01,-2.529932390514233465e-01,9.230471870905603005e-02,2.333719354809648261e-01,8.658753683069293494e-01
1.176557915852466663e-01,1.038412315105130268e-01,2.541175387241368377e-01,7.117910973335668245e-01,-2.958524220751662659e-01,5.568282916341448646e-02,3.430613652955421533e-01,-1.321205780377072148e-01
7.059820472332832830e-01,-1.354872298646568662e+00,-1.299492022129923319e-01,-1.030310268131694240e+00,4.159195371164842725e-01,4.731182555768299047e-01,-3.166868989284273017e-02,3.390282531597676452e-01
5.583766243736666413e-01,-8.851558243756685318e-01,4.354574092899756166e-01,2.803294505818607063e-01,3.552407880927445638e-01,4.485505974268033103e-01,-3.212935221312344658e-01,2.754961662880598718e-03
7.068326100426004510e-01,5.331015985628391185e-01,1.636897727236292788e+00,6.063923134944738669e-01,3.511980648598491128e-01,9.344259130240891720e-01,1.489880744127690448e+00,2.042918472553620912e-01
1.808683610011984078e+00,-2.451490613483187087e-01,2.515488269614933881e+00,-4.143316210680548228e-01,-1.267179846328805981e+00,1.072468515331183259e+00,9.575113065215000718e-01,1.392561373630924804e+00
2.346336119695877187e+00,1.080786340141687563e-01,2.083980049503922238e+00,-1.866874506831683211e+00,-1.938777243393558170e+00,1.280077095132797105e+00,8.213333372084066220e-01,1.941979726737619316e+00
1.623507962546297589e+00,-2.276689648575015212e+00,-2.648968069602451042e-02,-2.850860226566417133e+00,-1.868094380003892940e-01,1.476243368105048803e-01,-1.659621735585026014e+00,1.114620341313671714e+00
1.597698808015882710e+00,-9.120453001897931289e-01,6.819250481623613247e-01,-4.662673635693926899e-01,-1.609516386339380212e+00,6.134935703066116686e-01,-5.076592469349179571e-02,1.359913794600094761e+00
-5.042378353360921217e-01,-2.981990251325161156e-01,-4.843566616116727896e-01,6.814393065622060819e-01,-1.048114781146284979e+00,-9.074123227450368034e-01,4.638500926480676467e-01,1.240896494843250764e-02
-5.363657718959311538e-01,-1.267194330324069362e+00,-1.840084472106860325e+00,-2.362001668526592546e+00,-1.430278461755930541e+00,-1.756042081430216006e+00,-1.059743965905759477e+00,-2.009801766038200599e-01
-2.229414223795830097e+00,-1.668613237280610839e+00,-1.618864493598183518e+00,-2.322437868446416864e+00,-1.655154941585738504e+00,-2.791699283935736631e+00,-3.237662041081981634e+00,-1.207339402823188967e+00
-2.253137282576489930e+00,-1.024943743550889685e+00,-7.859676805643455166e-01,-1.130963323869610404e+00,-1.278960594499665371e+00,-2.728894075031501831e+00,-1.406049323484525937e+00,-1.692223901269996000e+00
-4.037551330734478472e-01,-1.998537743490126917e-01,-2.832451715626682076e-01,3.638536099088580111e-01,-2.427285120928998619e-01,-8.021965369567283233e-01,6.332363236393023787e-01,-6.931289183543478671e-01
-3.675748729172827467e-01,4.342762969348159530e-01,3.463526218326652972e-01,6.992654934977945436e-01,-1.803094970524996565e-01,-6.738712148961726323e-01,1.175417101207353765e+00,-6.515207996259364531e-01
5.459938695658970165e-01,7.946750893375259528e-01,3.352839448820423285e-01,-3.708248753828208288e-01,-4.942932820148689954e-01,-2.476008697795068492e-01,3.963248735871051642e-01,3.871449082596579716e-01
-3.062097196489875772e-01,7.086897486158929560e-01,-1.557916099548634081e-02,1.169690793287316399e+00,-1.045872333103038176e+00,-9.572279546305074716e-01,7.548401729071023691e-01,-1.803366366849629976e-01
8.834739763395129675e-01,1.541957871301131044e+00,1.076395391898482323e+00,1.016480354314084567e+00,4.085904756213704081e-02,8.231374452292926636e-01,3.018220418784618442e-01,2.687950902920143381e+00
-5.306708570511128320e-01,2.327196638115209382e+00,-7.731474487364572434e-01,1.219465392290341121e+00,-8.330924391966598730e-01,-9.749924569263600516e-01,5.074406043785292253e-01,-4.411209667106053001e-01
-4.427513526972505220e-01,-9.262964234163352517e-02,-2.027735026825695230e-01,9.748273852798511330e-01,9.573286125719011608e-01,2.901140695539463632e-01,-5.283273441160691863e-01,-6.514754189278472163e-01
-3.717142107043595045e-01,-6.668008220773617989e-01,7.549844680422337362e-01,-3.338101475343916991e-01,1.411376965666468530e+00,4.637895252492735265e-01,8.218659268263548423e-01,-8.092138515745873617e-01
-1.275128779077987773e-01,-1.831590188331423175e+00,2.414200529223136105e-01,-2.056925032629781214e+00,1.144494064744856487e+00,-1.822870413074453022e-01,1.124827582497611500e+00,-9.930611873932779776e-01
-7.629908831592013829e-01,8.791866630054141485e-01,-5.737987733181146854e-01,9.388346903473850924e-01,3.272512464599951487e-01,8.356234553196321968e-02,1.337158722682429079e+00,-9.021550242814564413e-01
-1.536084593655345429e-02,2.821913395922375223e-01,3.571234906421894562e-01,2.017235279532842707e-01,1.382888400384658434e+00,8.532762027631216606e-01,4.578324794647865570e-01,-2.411129582515325331e-01
-1.837057454180854310e-01,8.138017450251481266e-01,2.368083356889078839e-01,7.341707481326132934e-01,1.057765017889146675e+00,1.082634394120546073e+00,-8.947219992764750274e-02,-3.249840844598517187e-01
1.023393502455223134e-02,4.164146581870085961e-02,-2.812686098620638675e-01,-5.559458354154267305e-03,1.594562862157042238e+00,1.224821764381579969e+00,7.125622997350229415e-01,-6.483422555666692455e-01
-3.064617225253983834e-01,2.654899914814806694e-01,-5.153975912706173501e-01,6.396888589126791258e-01,1.305413399679248743e+00,4.267515340631222731e-01,1.433785790374613456e-01,-6.488713955159763902e-01
2.960425180083538568e-02,-1.845746498162620375e-01,-2.225271109499965261e-01,-5.336151520684762756e-02,2.163007649232447260e+00,1.330195089500675554e+00,-1.078110513730564879e+00,-1.553790847270920539e-01
2.705057019526967976e-01,-3.318602470631686896e-01,-4.649124024543950240e-01,-5.568633191693857752e-03,4.281108743656845683e-01,6.132660919904077135e-01,-1.016855563171641830e+00,1.004362488006762755e+00
3.865474685147737843e-01,-1.531040569042549093e-01,-1.055776601196932951e+00,-2.230230561652692955e-01,-8.365366963351630880e-02,1.150906988669510994e-01,2.592194189393408621e-01,9.536133719800337083e-01
-1.041487188615912274e+00,1.273364453843851551e+00,-1.320517992550036768e+00,7.226145372653797194e-01,-9.116429138962985068e-02,-4.794132837161007021e-01,-6.027080307592801445e-01,-1.256695218675649706e+00
-1.615796379661788462e+00,1.548996515440702382e+00,-9.628408784711688373e-01,9.784294146138623471e-01,-6.361360166940358551e-01,-4.443441809375904827e-01,-5.336846932656327813e-02,-1.278931785513041319e+00
-3.692853840119881270e-01,1.111944272053642324e+00,2.480409626021270464e-01,9.206215869859374346e-01,2.017246900785922559e-01,9.835620708359962827e-02,6.531458053646443940e-02,-4.304063725982103239e-02
3.591241625347832422e-01,-6.061911581922087011e-01,1.335295809817436785e+00,4.025589668128388143e-01,1.157822417903308532e+00,5.093551274754802849e-01,-1.228670351226863078e+00,1.488282042861232224e+00
7.317378128867372267e-01,-8.427764051121918731e-01,-7.755987987831155506e-01,-1.437151720649534614e-01,-1.354731696976688438e-01,2.859050142497751579e-01,-1.736311020564813845e-01,9.035990392136740157e-01
8.306629882860785963e-02,-5.752960763716156167e-01,-1.242377095930680825e-01,4.051232199614200891e-01,-5.745176968031284054e-02,-5.588115584666014657e-02,-1.674738464733724341e-01,-2.432365921221371075e-01
7.454586572103932829e-01,-1.330549085390822395e+00,-9.947622944220178842e-02,-4.109906488217998088e-01,4.571363638268634566e-01,5.068281400933016823e-01,-3.369568528951855102e-01,3.687409110823874347e-01
5.765493073155196768e-01,-7.247435947939433465e-01,3.942438342788390782e-01,7.537346225980526282e-02,6.297732793816007701e-01,4.486692817656923182e-01,1.247249524185911201e-01,-9.113197250672021299e-02
6.939553911981600764e-01,4.852178510032495451e-01,9.511045570779926850e-01,6.335791341315912817e-01,3.925854439566160425e-01,9.867445128422014378e-01,1.781357949037287502e+00,9.475778700387783859e-02
1.745055742295928525e+00,1.641890501628214261e-01,2.081540596341244775e+00,-5.606994496106288972e-01,-8.470208840849945409e-01,1.191671391748442055e+00,9.832737055409112026e-01,1.549170284870340142e+00
2.427167984975684423e+00,-4.702801237946869772e-01,2.506099425435967643e+00,-2.923471340550907627e+00,-1.612895850291878652e+00,1.379456861137997592e+00,1.486115967835698881e-01,1.835833469524744688e+00
1.553365123561961214e+00,-1.561877543114017941e+00,8.955344964067286639e-01,-1.046993699073869077e+00,-1.595652734637049985e-01,1.135174249222734716e-01,-4.433728050579833213e-01,1.115842257370906143e+00
1.634889666437077782e+00,-6.595407838350951790e-01,5.872631558118769357e-01,-2.966347138537516193e-01,-1.640500069866492661e+00,3.432818275586336232e-01,-5.395221180855276355e-01,1.212839292915159461e+00
-4.299323582407948985e-01,-2.065208727748841788e-01,-3.232547878068725011e-01,8.386605986430329951e-01,-1.091226634372084003e+00,-1.087681117338287873e+00,3.695927717633077925e-01,-8.701878546609433107e-02
-5.443784080386130375e-01,-1.087237816209375874e+00,-1.999676099074941593e+00,-4.308422298063654399e-01,-1.391998926144452309e+00,-1.756350095547808854e+00,-1.963675199973076602e+00,-2.092803338895762866e-01
-2.202023676460799884e+00,-1.046501366094205743e+00,-1.606346810463774366e+00,-1.014762609784989777e+00,-9.927168393455148010e-01,-2.933161125529871516e+00,-3.060902041880300128e+00,-1.070503878588540569e+00
-2.183281635903998819e+00,-1.386930462267885300e+00,-1.725135937269359099e+00,-1.637718099846488862e+00,-1.091700391000938852e+00,-2.696659267298365137e+00,-1.703574018555972014e+00,-2.161512000661153454e+00
-3.761725436533613354e-01,-3.462043320491554055e-01,-1.474386274836994026e-01,2.762980316077374154e-01,-1.134592783435429547e-01,-8.886658488357572772e-01,6.236178850390639017e-01,-7.218079265020238555e-01
-3.789517664015302767e-01,-1.053880474082523611e-01,4.414912331860706973e-01,2.014540422878269843e-01,-2.478766674597900899e-01,-5.611112025900318878e-01,1.103164824537333777e+00,-5.949388460118255617e-01
5.346198347074311297e-01,5.922529737788932991e-01,-2.455856483472823315e-01,7.572503615973357194e-01,-7.234335715043712645e-01,-3.071089209501249098e-02,-4.162860764885765175e-01,1.362657432631862175e-01
-3.583234447814574453e-01,1.056979300849999678e-02,-4.335941112492768812e-01,9.973844726530840532e-01,-1.144697965882177426e+00,-7.950761830777854922e-01,1.637014194589254401e-01,-2.427891383475327264e-02
8.892184351646346130e-01,1.574887211817717292e+00,5.470435346220614559e-01,1.086957487639765851e+00,-3.873190352194252339e-01,1.132487468089118599e+00,-5.208700674581707296e-02,2.542446150219036749e+00
-5.771159956741025443e-01,1.927995065965174559e+00,-9.011568365478751508e-01,8.813746671387553411e-01,-1.037155211132107624e+00,-7.445809420612955476e-01,-2.331479918621977288e-01,-6.669521399313657062e-01
