1.574344567553193519e+00,3.229725562651091231e-01,-1.069505758087291980e+00,-6.468078754573131084e-01,8.611075878440468401e-01,1.067253920178964144e+00
1.491493251575079171e+00,3.870109138408960314e-01,-1.296576457713291441e+00,3.280838321889364886e-03,1.945465646720263786e+00,1.951541312823010577e+00
1.569150539779930131e+00,9.997653573955491701e-01,-1.626299798916863271e+00,-2.036964213834026594e-01,2.625581954883878577e+00,2.678448758966401666e+00
1.586440575098956307e+00,7.242780670707075208e-01,-1.217305150103955347e+00,-6.250361984956410710e-01,8.546403155062157753e-01,9.132958598813574191e-01
1.102541288273970466e+00,5.519196799487281480e-01,-1.107554937359582992e+00,3.979504379090971211e-01,1.368163207621212463e+00,1.226763825943647968e+00
6.752014640043281224e-01,7.087540297397993960e-01,-8.907893545046956518e-01,7.807560642996217437e-01,7.654710938024693601e-01,5.356311634009202072e-01
1.105708587256187592e+00,1.330956341523654940e+00,-1.426407170384154766e+00,4.574944794961848249e-01,1.662339193171953555e+00,1.213508279442634841e+00
4.483631375043234946e-01,2.157939667522908778e+00,-1.226078433842685556e+00,6.953603761130270344e-01,6.972085095011270051e-01,-1.018411485428479396e-01
2.732361832709086502e-01,1.838480462444654684e+00,-1.066139638617184193e+00,1.262475497488948717e+00,4.340872349168103383e-01,-4.300964982298401962e-01
-5.307009556316355514e-01,7.982881092674927181e-01,-2.739181774402195679e-01,1.757120322502934817e+00,2.572365636637823916e-01,-5.762511504069263157e-01
-8.876432128284335032e-01,7.834647510751504562e-01,-2.835513750997578283e-02,1.838785618495818897e+00,9.336912275300633668e-02,-1.065840857921096951e+00
1.113877498662805943e+00,1.486289629589478745e+00,-1.224056032968908525e+00,1.832814449281595579e-02,2.951060509805618626e-01,-1.123374596666991271e-01
4.127234094856033209e-01,1.587839393803602173e+00,-9.025744417801045971e-01,4.941136795139148274e-01,1.852295602979502909e-01,-4.116707520486113103e-01
-3.897612622591766773e-01,5.766920694338093512e-01,-2.326567071026031941e-01,1.165324564702372445e+00,5.766222579772840584e-01,2.850096660755893282e-02
-5.247834401600681709e-01,-1.738368979218193888e-01,3.790213862837827352e-01,1.495315838764471050e-01,-2.047271373601625422e-01,-2.389078735272490706e-01
-1.121464974779786905e+00,6.529916849361672160e-02,3.527755463026338578e-01,1.995720164396564744e+00,-1.645594897247092125e-01,-8.708690900195641404e-01
-1.079892983150556596e+00,-3.641189112859894994e-01,6.233768666217830434e-01,1.504787078892460439e+00,-7.704974754702976769e-01,-9.463964346954464313e-01
-1.755321938762637979e+00,-6.955769504975823914e-01,1.209356922921678068e+00,1.223528787901287052e+00,-7.468252037736707871e-01,-1.191698538612446345e+00
-1.260172248930616412e+00,-8.637836313226612273e-01,1.148191105252871269e+00,4.398862681508414751e-01,-1.200837376982075488e+00,-1.147398213451557458e+00
-1.333167038818427796e+00,-6.371187016202852771e-01,1.077943765818204502e+00,4.340307200351917194e-01,-8.087061249044444899e-01,-1.115662519845748157e+00
-1.763391037580348319e+00,-1.831894149837830721e+00,2.073579094506329934e+00,-9.318272160321486863e-01,-1.477348426799637959e+00,-1.257890502829037471e+00
-1.192154656318257011e+00,-1.594598308691083322e+00,1.736321995499902959e+00,-1.372293268260214694e+00,-1.612703823055511965e+00,-1.259359579349694558e+00
-1.071785931763910460e+00,-1.564789786001844485e+00,1.523089239029483677e+00,-9.887820438442830318e-01,-1.172847317666513067e+00,-7.891879065213589506e-01
-5.217568336885798352e-01,-1.103729823810517319e+00,1.052393591304467524e+00,-1.173844265035088430e+00,-1.132593270491577986e+00,-7.040178551184016476e-01
-1.646990726464278021e-01,-8.732842222893565376e-01,6.605203884217714094e-01,-1.110351541515109064e+00,-6.138321594431597195e-01,2.150949545131783380e-02
-5.424108058604079630e-02,-6.424455050270466705e-01,4.958280962175255491e-01,-1.073901207623931153e+00,-5.583601761878341785e-01,8.569645268550946104e-02
6.929197295407515389e-01,-5.717548292014531519e-01,-4.909653577618112996e-02,-1.209714139393802457e+00,1.094247636479610680e-01,8.732626904545727209e-01
1.420604616545579235e+00,-3.738543000842806663e-01,-6.055724785518195041e-01,-1.362747775931491656e+00,6.509634384733701262e-01,1.487039079685717136e+00
2.587290183497217844e-01,-7.004804310842177584e-01,2.846920627114266633e-01,-1.150525090974122921e+00,-1.969398221124302184e-01,6.141698415016612067e-01
2.417962659425999528e-01,-6.664761385799335969e-01,2.558473969454476693e-01,-9.500889387535981223e-01,-2.377990186918764182e-01,5.141071020948949633e-01
-6.443218020520262712e-01,-6.080012595562011013e-01,8.387287198229230745e-01,-4.711771600539167992e-01,-1.268075852187397601e+00,-8.615850031125710240e-01
2.519480201749630388e-01,-4.984402977130596435e-01,1.586807317490813718e-01,-5.898710042100984152e-01,-3.830535207691067034e-01,1.326049105526741212e-01
-2.509870749911877197e-01,-4.715728512679452367e-01,5.605192908416612996e-01,-5.197326913732100984e-01,-1.176882923996512842e+00,-9.215823934316861310e-01
3.552341973878120895e-01,-1.367406149273495131e-01,-2.031335006533048215e-01,-1.911135531212465322e-01,4.113227251146091556e-01,7.279336713561579408e-01
1.550740022105753235e+00,2.960351889975796902e-01,-1.035446823006098249e+00,-6.689957254738404524e-01,8.099069086551776708e-01,1.029384071297551717e+00
1.465986328056743560e+00,3.952764762346741567e-01,-1.288244099005136922e+00,2.177018815516621603e-02,1.948782124210924005e+00,1.955677401045693209e+00
1.626840198737058429e+00,8.882837800147238561e-01,-1.616609654774265659e+00,-2.574499967900588659e-01,2.645854028968197103e+00,2.756803986630288694e+00
1.581455291201521174e+00,7.021795551301925897e-01,-1.211908451097724493e+00,-6.409384537448012953e-01,9.076969796631676468e-01,9.854668120451102187e-01
1.031953861433812403e+00,5.885726926322115693e-01,-1.096250039867417758e+00,5.056036760204768443e-01,1.364330145673296357e+00,1.199757574745790034e+00
6.236605947142953577e-01,7.516776816781406412e-01,-8.717052784178759284e-01,8.412808290107095521e-01,6.745610031206034085e-01,4.053120795132399423e-01
1.090056395392213551e+00,1.344028770404382733e+00,-1.418832107625415340e+00,4.692471077349387731e-01,1.625752720928528738e+00,1.175113220216404297e+00
4.852200998424928691e-01,2.213033852650183597e+00,-1.262940007839477907e+00,6.537384526140225249e-01,7.072256783801545987e-01,-7.778242870590568181e-02
2.622012839177890742e-01,1.856074325764665467e+00,-1.065796497361253037e+00,1.270408379761341244e+00,4.260570169267554608e-01,-4.466767025472599406e-01
-5.600303559355247485e-01,8.420753789905105480e-01,-2.801630282820555817e-01,1.809562270184333244e+00,2.636782069495847702e-01,-6.115979347851350223e-01
-8.298337794911480048e-01,8.186792842037112772e-01,-6.187504194309287331e-02,1.769443723660862888e+00,7.339224212159076166e-02,-1.062898996287485298e+00
1.164946110179321481e+00,1.555297812517641098e+00,-1.284386174402044167e+00,2.205499687519832039e-02,3.379903320431286717e-01,-9.889612860782341641e-02
4.818812091115383112e-01,1.607805756641007777e+00,-9.386012661030661564e-01,4.297171286438280502e-01,1.729915250986217012e-01,-4.109171204788185650e-01
-3.659606870126074774e-01,5.921232367454073442e-01,-2.547801159935810245e-01,1.150995487300554121e+00,6.061455861855313820e-01,7.152166471188078911e-02
-5.159278244961531534e-01,-1.855125911398878835e-01,3.869224393958622388e-01,1.003705900813446766e-01,-2.154990760170436559e-01,-2.276661402983154170e-01
-1.119170515918219699e+00,8.671209177410911517e-02,3.329847623771335918e-01,2.020646442244211638e+00,-1.101990705567508916e-01,-8.381047138393933338e-01
-1.028942411450470162e+00,-3.507357833777497991e-01,6.035683905368823821e-01,1.408792891081893650e+00,-7.694729469670080757e-01,-9.190975836574661884e-01
-1.748810429306977721e+00,-6.660899090890824992e-01,1.186332297436499816e+00,1.260968487491080481e+00,-7.292217919841053053e-01,-1.185854336256855879e+00
-1.257558965989708621e+00,-8.713513311695342267e-01,1.155669617605356914e+00,4.178457946058600214e-01,-1.217416477634882366e+00,-1.164831455995275711e+00
-1.332660741332363896e+00,-6.562476343021478309e-01,1.089942377153180209e+00,4.059395107449574325e-01,-8.158382077166066448e-01,-1.111672930434618456e+00
-1.781663059514576375e+00,-1.859066869047715453e+00,2.092981480767873936e+00,-9.467991625673020106e-01,-1.454638315842225804e+00,-1.220024708840190986e+00
-1.209704249398089848e+00,-1.613562354953631539e+00,1.773627862398712951e+00,-1.452070776676863462e+00,-1.661320435349913138e+00,-1.292134094195361182e+00
-1.115350470357003632e+00,-1.610505039839804198e+00,1.561647279964480495e+00,-9.735075766445991929e-01,-1.159582792554669783e+00,-7.841959690480039269e-01
-5.257273905884586318e-01,-1.115541417834316151e+00,1.061088831622302164e+00,-1.170225983716438378e+00,-1.147357407163188681e+00,-7.290414734110656214e-01
-1.499538834046107438e-01,-8.958833218068056325e-01,6.557723043428679288e-01,-1.110047821414188673e+00,-5.838221099959585159e-01,5.250950856566720393e-02
-7.211487642917224772e-02,-6.401036418696927077e-01,4.990151239291443219e-01,-1.039251586895060697e+00,-5.527601254396727892e-01,8.526042241931311438e-02
8.046764194296530670e-01,-5.405573995985036850e-01,-1.374409666638045924e-01,-1.229263738359791303e+00,2.004309483674759085e-01,9.884346597227857689e-01
1.436276905217922728e+00,-3.647409726517008011e-01,-6.316520473095929011e-01,-1.320786815527368985e+00,7.033903501589540141e-01,1.518896717850646727e+00
1.996061756712883828e-01,-7.215269806793078722e-01,3.281297964292603231e-01,-1.128337638358306361e+00,-2.242543807434335124e-01,5.737406760754090174e-01
1.541960314212974248e-01,-6.766780674915112703e-01,3.294085368231001176e-01,-9.421486908988628839e-01,-3.660436617642332524e-01,3.608845383039849253e-01
-7.069696541794959765e-01,-5.900031111312493692e-01,8.517185030346358099e-01,-3.788404184318015511e-01,-1.250769139661275231e+00,-8.635962598136865953e-01
2.407252806545270574e-01,-5.263291307810394892e-01,1.892976690555374097e-01,-6.314888602993993238e-01,-4.324055544578063182e-01,9.076546091458442822e-02
-2.766921738701079159e-01,-4.584524741799479997e-01,5.735246441071284451e-01,-4.939665403338381888e-01,-1.225874301210629236e+00,-9.766925382230804420e-01
3.685824561288809087e-01,-1.424204401301890355e-01,-1.998468062262397926e-01,-2.212304052091172979e-01,3.815398903482313253e-01,7.034791676711731334e-01
