2.034392603321379944e-01,7.350860347058759195e-03,-1.043928971984472015e-01,-1.248549966058282029e-01,7.786647814711435966e-01,-4.293988771525785730e-01,1.603546037535958924e-01
-3.089262842080609528e-01,-5.620362729316373818e-01,8.920847578776015807e-02,1.331292608948938083e+00,1.118044104480698797e+00,2.825962729512196403e-01,2.998234892837991494e-01
-9.493832148833095674e-01,-6.325546698759823006e-01,4.764112217601739196e-01,2.263241522462679178e+00,-1.114141991670018150e+00,6.311694201951786876e-02,-3.940794425662025313e-01
-1.808348980730112021e-01,-3.461052651359228238e-02,-3.985910620304507213e-02,-1.986732031009099397e-01,1.295423898285122666e-01,-9.669394633758559010e-01,-2.949617164270007530e-02
4.596220326022374403e-01,-7.526159337437678121e-02,-4.915956431708609631e-01,6.982991459090202024e-01,9.888760121175458329e-01,-2.261967214813622451e-01,6.218431672100076524e-01
-5.651090564781603431e-01,-6.666070447312631986e-01,3.473436397693696609e-01,-1.881623205599291526e-01,2.747255014558894759e-01,9.870788806271021398e-01,1.417043174839075215e-01
1.228170349412535778e+00,8.866594244227499200e-01,-1.007865971134080052e+00,9.719486650609733269e-01,7.147924827975867812e-01,-1.107951096448234196e+00,7.125391373174139176e-01
2.252901438492933561e+00,2.708247226599880708e+00,-1.459602508101896845e+00,-1.334795467933898028e-01,6.867149389108887503e-01,-1.777223116274110781e+00,7.762722704986503297e-01
-5.274351193796146531e-02,-4.017158123473637543e-01,-2.979942701846545750e-01,1.395461521970154939e-01,5.251670300179963613e-01,-1.042800610507174236e-01,5.304360150325844181e-01
4.596220326022374403e-01,2.628707881939063573e-01,-5.561294341662640361e-01,-3.142970318210857039e-01,2.392397617956843192e-01,-5.853447175514192580e-01,5.438299480896757743e-01
-5.651090564781603431e-01,-6.746642082180630551e-01,-3.985910620304507213e-02,-5.577311242566135308e-01,-4.776404211475255845e-01,6.647665764616655926e-01,1.875296071678647092e-01
-8.212918287482599000e-01,-5.613083642064570222e-01,4.118774307647717903e-01,-7.930175345203073212e-01,-1.309595466142047693e+00,-1.908260855047655413e-01,-5.627172027547182598e-01
-1.077474601018359346e+00,-6.956417234019210971e-01,7.345463857417834364e-01,-1.547832197841959578e+00,-2.285176329031783915e+00,6.916259351421185642e-01,-8.503728748588632591e-01
-5.274351193796146531e-02,-3.439380263932342308e-01,-2.979942701846545750e-01,-2.045067393366539754e+00,-4.427556344247378095e-01,-3.815634403695116195e-01,2.451760554640068090e-01
-6.932004426132101216e-01,-4.577284722751632229e-01,2.182760577785644307e-01,-1.963349615444847318e+00,-4.995844272234604144e-01,-2.289175396334075518e-01,-2.917144801719428471e-01
-1.808348980730112021e-01,-3.653435055027789979e-01,-2.334604791892524456e-01,1.676500861095343159e-02,3.282140162659770155e-01,-4.955577185339051782e-01,3.686531445880442126e-01
-4.370176703431106757e-01,-6.066160763434331749e-01,4.764112217601739196e-01,4.366845260291478126e-01,9.507894442609426955e-02,5.726773467001127216e-01,-5.927289031102466604e-02
2.893358369168182342e+00,4.592556820250029759e+00,-1.975872836065115878e+00,9.433300037878814548e-01,6.977432414396613769e-01,-1.591419552696388573e+00,9.439360652702792898e-01
4.596220326022374403e-01,3.815521769240723393e-02,-6.206632251616661655e-01,1.255708256917317467e+00,9.888760121175458329e-01,-3.159837204988763526e-01,4.816398949921615880e-01
1.612444507817685002e+00,1.918027979655173576e+00,-1.330534926111092586e+00,-6.165987657238477526e-01,2.703784983475159276e-01,-1.348018191964559298e+00,7.255852828823555756e-01
-4.370176703431106757e-01,-5.339210366957534148e-01,-1.043928971984472015e-01,4.888014927262177567e-01,-2.629560503859135423e+00,8.489450359847721117e-01,1.932770517863809934e-01
4.596220326022374403e-01,-1.753595296269569170e-01,-6.206632251616661655e-01,7.354128494139605676e-01,5.852257234826981902e-01,-1.962677218088568487e-01,6.843310619703547593e-01
5.877134187372872187e-01,-2.448617582499737766e-01,-6.851970161570682949e-01,2.112829336166381466e+00,6.869722838410683430e-01,-9.287663203111343191e-02,7.328575764921626545e-01
8.438961910073866646e-01,2.215231694756285008e-01,-8.787983891432756822e-01,-1.580560916979169561e-01,4.275498294847094316e-01,-5.684283264321777773e-01,6.713040564498905516e-01
-1.808348980730112021e-01,1.622516044179432848e-01,1.537422667831623013e-01,-1.975956614296415503e-01,4.275498294847094316e-01,8.057552516181226698e-02,-2.343925597250047788e-01
-1.205565987153409013e+00,-5.262077842297316899e-01,1.444418086691208858e+00,-1.320649132909242462e+00,-1.161823182015008671e+00,-2.561257211538669476e-01,-1.687897395448212601e+00
-1.846022917828657794e+00,-7.479183834317847390e-01,3.380431816553280289e+00,-5.996975696897155483e-01,-3.854927451500642643e+00,2.437484249371565159e+00,-5.415875382212745670e+00
-1.589840145558558238e+00,-7.479183834317847390e-01,2.476958742617646703e+00,3.324861720961063138e-01,-3.512429461501528349e-01,2.437484249371565159e+00,-2.295204274735544114e+00
5.877134187372872187e-01,9.036757640940766834e-01,-4.270618521754588337e-01,6.944053388116323555e-01,1.107302336469093040e+00,-6.098320809198326531e-01,1.256817085781245513e-01
3.315306464671877174e-01,-4.970278846664935024e-01,-2.979942701846545750e-01,5.045287915244033305e-01,1.110980224429587659e+00,4.527190079317733873e-01,5.253747028941722075e-01
-1.077474601018359346e+00,-7.388508377542505334e-01,1.250816713705002359e+00,1.706294220227075054e-01,2.264254669183879132e-01,1.913726755102731047e+00,-5.072371881578234820e-01
7.158048048723368861e-01,7.893227390480467287e-01,-6.206632251616661655e-01,-1.698407900701671136e-01,8.293998111257060435e-01,-7.174818425877351746e-01,4.547493253804937297e-01
-1.589840145558558238e+00,-7.479183834317847390e-01,1.508951877686610876e+00,-1.021067952127910905e+00,-3.512429461501528349e-01,2.437484249371565159e+00,-2.032272411266621059e+00
9.719875771424364430e-01,6.891759694295527261e-01,-7.497308071524704243e-01,-1.364232244820654083e+00,9.100834757760243310e-01,-7.469613157829454453e-01,4.631560663313962212e-01
5.877134187372872187e-01,-5.217112409141351492e-02,-6.851970161570682949e-01,-9.905753014556475944e-02,5.818897706840624462e-01,-5.009993548379971795e-01,7.219021882783439592e-01
-8.212918287482599000e-01,-6.455497122049085323e-01,1.537422667831623013e-01,1.324156150705060986e+00,5.818897706840624462e-01,2.662713640389443026e-01,9.188423129540512768e-02
-1.205565987153409013e+00,-7.406508964124651762e-01,8.636139677325876951e-01,2.269482199525386878e+00,-1.559166434889938335e+00,1.988549254283993539e+00,-7.208203487938859011e-01
3.315306464671877174e-01,3.876836067994137158e-01,-3.625280611800567043e-01,-2.235317881127320619e-02,3.480811789097237874e-01,-1.168172605910723583e+00,3.490213607841355370e-01
-4.370176703431106757e-01,-5.309408951554401845e-01,8.920847578776015807e-02,7.355138647098797833e-01,6.140578869566150066e-01,2.014196813079317805e-02,3.306366805688211730e-01
7.534787419708827150e-02,-2.699662630449700673e-01,-2.334604791892524456e-01,-8.235440973820999655e-02,-2.444998698222699829e-01,-6.833591928717011599e-02,5.360353941364480734e-01
1.100078963277486110e+00,4.258097873285213164e-01,-9.433321801386778116e-01,1.006951680294638107e+00,7.637633511481115578e-01,-8.501012531158849139e-01,8.136426854073618431e-01
2.124810052357883894e+00,2.866252057011011711e+00,-1.459602508101896845e+00,-2.062241449306981556e-01,2.391898791599154916e-01,-1.741372335917741099e+00,7.210346264981509767e-01
-1.808348980730112021e-01,-3.881197895882322335e-01,-1.689266881938493448e-01,1.442591020939028301e-01,7.255572691409065689e-01,8.057552516181226698e-02,4.603073387838453878e-01
5.877134187372872187e-01,2.184330544786499684e-01,-6.206632251616661655e-01,-3.169054428606739582e-01,5.647720489903062385e-02,-6.914566254812094526e-01,6.251230137451891933e-01
-6.932004426132101216e-01,-6.895186369074932653e-01,1.537422667831623013e-01,-4.307794777665381880e-01,-8.527784297789521295e-01,7.233688135826541465e-01,5.221190338899247413e-02
-1.077474601018359346e+00,-7.111523177997807199e-01,7.990801767371855657e-01,-7.169723919191848260e-01,-1.971226104538013724e+00,1.040797597988007972e+00,-8.278136983023961504e-01
-9.493832148833095674e-01,-6.893189502722470996e-01,7.345463857417834364e-01,-1.568311609699095222e+00,-2.385640400869791122e+00,7.614602677112961571e-01,-7.387078333508650951e-01
-3.089262842080609528e-01,-3.433969615237668638e-01,1.537422667831623013e-01,-2.034121780708386229e+00,-8.033312694211838245e-01,-6.152737172239246544e-01,-6.411266724968957276e-02
-4.370176703431106757e-01,-4.546681831739590174e-01,-3.985910620304507213e-02,-1.955582019431950425e+00,-1.072623676267576043e+00,-2.561257211538669476e-01,-1.841545468453545040e-02
7.534787419708827150e-02,-1.596045791243136391e-01,-4.270618521754588337e-01,-5.733295470309029279e-02,3.834005791652729256e-01,-4.380470917122294972e-01,4.704240819791452033e-01
-6.932004426132101216e-01,-6.660578026607387736e-01,1.057215340718796082e+00,5.806398579878201405e-01,-1.463904246679659515e-01,1.104283354869078471e+00,-1.399019046540321554e-01
2.252901438492933561e+00,2.680362015471019710e+00,-1.653203881088104232e+00,8.958934413326898882e-01,4.376050464962388808e-01,-1.386385591139048135e+00,9.020586167538555689e-01
2.034392603321379944e-01,-2.536021013253890177e-01,-4.270618521754588337e-01,1.289498055057193282e+00,7.082216563077204929e-01,1.586797129036560672e-01,5.044660726149881036e-01
1.228170349412535778e+00,1.640038162902154095e+00,-1.072399762129482959e+00,-6.190218110202952984e-01,6.799091245205021172e-01,-1.555607074455784389e+00,5.514735410830661211e-01
-4.370176703431106757e-01,-5.752956520963911080e-01,2.182760577785644307e-01,4.837653029379422875e-01,-1.072623676267576043e+00,4.345435020577826379e-01,2.295279581137158187e-01
7.158048048723368861e-01,-8.862413790424705784e-02,-8.142645981478735528e-01,6.109589371498623800e-01,3.967538495832498291e-01,-4.193748102766204355e-01,7.553307999066751766e-01
8.438961910073866646e-01,3.616406369289729833e-02,-8.787983891432756822e-01,2.088870710420463350e+00,4.275498294847094316e-01,-3.634797417182860091e-01,7.774035504670023800e-01
5.877134187372872187e-01,-6.055936294313492285e-02,-5.561294341662640361e-01,-1.649086192898439607e-01,5.647720489903062385e-02,-4.737911733175378393e-01,6.206681441984291947e-01
-1.808348980730112021e-01,-3.428952624008706485e-01,-3.985910620304507213e-02,-1.720675616327043134e-01,8.248930823596389850e-01,2.819977573492905495e-02,2.262339658151185928e-01
-9.493832148833095674e-01,-5.478586778601014506e-01,7.345463857417834364e-01,-1.277412667428369231e+00,-6.055426279901079401e-01,-7.748950488106167711e-01,-6.301429484851975849e-01
-1.589840145558558238e+00,-7.251875291942250223e-01,2.025222205649829910e+00,-5.596519961211053884e-01,-3.512429461501528349e-01,-7.655172311883808034e-02,-2.469689598870958402e+00
-1.077474601018359346e+00,-6.689395292651800773e-01,1.573485668682015115e+00,3.357961730153834479e-01,-8.752475757538495660e-02,6.916259351421185642e-01,-7.382419396800745659e-01
7.158048048723368861e-01,8.726802809185567333e-02,-6.206632251616661655e-01,6.889686192635441353e-01,8.293998111257060435e-01,-3.448480521988414593e-01,5.784712632172894775e-01
4.596220326022374403e-01,-2.074786832178607543e-01,-4.915956431708609631e-01,5.012399157578872888e-01,1.104204666013217651e+00,-1.669372377382798492e-02,6.387337621343890381e-01
-1.077474601018359346e+00,-7.395530323335630651e-01,2.154289787640636167e+00,1.769896279122289695e-01,-4.014749820691549953e-01,1.913726755102731047e+00,-4.865734208686310347e-01
7.534787419708827150e-02,-3.105873605283823169e-01,-3.985910620304507213e-02,-2.234204004889299988e-01,9.328134720293727034e-01,1.382211902951013469e-02,3.818559441278336353e-01
-1.461748759423508570e+00,-7.479183834317847390e-01,1.831620832663623633e+00,-1.012663044534673595e+00,3.834005791652729256e-01,2.437484249371565159e+00,-1.421349488334045619e+00
1.356261735547585667e+00,1.125797762692663406e+00,-1.136933553124885199e+00,-1.395548716838278525e+00,8.086749904055610116e-01,-8.547057146039629405e-01,6.877999049087651917e-01
