4.082334873711025436e-01,-2.764660892995720598e-01,-1.827740328458323793e-01,-1.248549966058282029e-01,9.183027104545943287e-01,7.872559440358829486e-01,-1.390211228148683587e+00
-8.644552045176492339e-01,-5.963096557482262527e-01,4.478785610643098436e-01,1.331292608948938083e+00,-3.997226333590508246e-02,-9.529196849066259301e-01,-7.267542522186035137e-02
-2.902966857765348241e+00,-6.673860038479271228e-01,4.946771408532767644e+00,2.263241522462679178e+00,-8.383570082160689552e-01,-2.589230485135812110e+00,2.385365647264036937e-01
-2.169571940176457658e-01,-6.323704500046926913e-02,-4.933121159254501981e-02,-1.986732031009099397e-01,-1.622684683426143470e+00,-4.462337724750524703e-01,1.076984800654079644e+00
-3.759066609599746589e-01,-4.186187854989739110e-01,8.558324918351226107e-02,6.982991459090202024e-01,6.551834668744364043e-01,-4.205854221622691846e-01,5.498012795989284385e-01
-7.125739581444737736e-01,-2.769887095061880286e-02,2.314018629613563693e-01,-1.881623205599291526e-01,6.343893081689446767e-01,-7.379031280242254187e-01,-8.885939201634279749e-02
-8.426801806188254362e-01,-3.475424373992729854e-01,5.547404680640898311e-01,9.719486650609733269e-01,1.034905896691611815e+00,-7.622506886959437011e-01,3.367838672664989486e-01
2.184491818424165455e-01,4.337747714908212621e-02,-3.938114317050868673e-01,-1.334795467933898028e-01,-1.231952284578055279e+00,1.010623104750825590e-01,-4.057048399518264903e-01
-1.939807828928028499e+00,-6.318478297980766323e-01,1.003667829444340187e+00,1.395461521970154939e-01,-9.577968152139193503e-01,-2.209821081009641919e+00,1.842514757538960213e+00
7.151806910681008933e-01,4.337747714908212621e-02,-4.980812448993928720e-01,-3.142970318210857039e-01,2.745366422436607001e-01,5.043889562396639548e-01,3.118396034163912339e-02
-1.205163596904224171e-01,-6.673860038479271228e-01,3.751452429675878886e-01,-5.577311242566135308e-01,6.068675919443916600e-01,1.651099417378020517e-01,-7.364515346975678556e-01
-9.271803906907754023e-01,-5.607714816983757622e-01,5.511464627723822174e-01,-7.930175345203073212e-01,-1.141870849149381195e+00,-1.097794475614879861e+00,8.197905517998133051e-01
-9.120152721113266026e-01,4.337747714908212621e-02,1.148800239653278848e-01,-1.547832197841959578e+00,1.307436512685600238e-01,-1.008064330185186819e+00,-1.721128275301889721e-01
1.394676718296647744e+00,2.921446954980353450e-01,-9.103176078657114756e-01,-2.045067393366539754e+00,1.002264028307826571e+00,1.475803290646598542e+00,-1.106872117687196289e+00
-7.975856641136076508e-01,-3.120042633494224948e-01,-2.211769408151033067e-01,-1.963349615444847318e+00,-2.282718393435525517e+00,-1.146970138074743684e+00,2.112247679542113676e+00
-2.254396056999584674e-01,-6.673860038479271228e-01,3.887187778824554574e-01,1.676500861095343159e-02,-4.740079122426931746e-01,-4.950484631931633683e-01,1.065446243695053141e+00
-4.600053788271888516e-02,-6.323704500046926913e-02,-3.668014729704057730e-01,4.366845260291478126e-01,5.636969210285343035e-01,-2.839283641666114910e-01,5.454630235394548887e-02
1.572365053209424657e-01,-9.877521905031973193e-02,-2.957590238487196599e-01,9.433300037878814548e-01,1.238209293075114070e+00,-3.504835266672888527e-02,8.193832855234688128e-02
2.192238292674281944e-03,7.186027840962408986e-01,-5.748488484384119968e-01,1.255708256917317467e+00,-6.409209108437444735e-01,-2.113244822936101441e-01,1.649428047074288362e+00
6.375233215028831557e-01,5.409119138469885568e-01,-7.082982228427116000e-01,-6.165987657238477526e-01,7.707740024362115250e-01,7.228879360517616037e-01,-5.596976086180134313e-01
8.453894059304505326e-01,2.210683473983344471e-01,-1.485441499270021837e-01,4.888014927262177567e-01,2.327109596315493356e-01,6.717416948007852717e-01,2.008297095412727440e-01
3.445004536668356265e-01,-6.673860038479271228e-01,4.696562203663551260e-01,7.354128494139605676e-01,-5.394634732020708867e-01,2.564392443723603754e-01,-4.126214037249674726e-01
3.880675063845256956e-01,-6.673860038479271228e-01,1.198007659344043074e-01,2.112829336166381466e+00,9.994769723628847691e-02,3.811474089092555251e-01,-4.188916260077000797e-01
1.108424828688804986e+00,-6.673860038479271228e-01,-1.709967468387641187e-01,-1.580560916979169561e-01,-7.903517841318810633e-02,1.043836848612723411e+00,-1.076957493623833528e+00
8.706604432220663714e-01,9.318318283953437309e-01,-7.786588474488874700e-01,-1.975956614296415503e-01,8.261410862942574207e-01,8.967782566771809183e-01,-4.360767573956617071e-01
-1.244603191315585555e-01,-5.963096557482262527e-01,1.548064427159337453e-01,-1.320649132909242462e+00,5.404919086085001600e-01,1.647093816520333598e-01,-4.791461968033515761e-01
-8.806157931002138728e-01,-6.673860038479271228e-01,9.675392356378268444e-01,-5.996975696897155483e-01,4.252865653631658915e-01,-3.604578739083000305e-01,-8.744227810302563908e-01
-7.035411168941513305e-01,-6.673860038479271228e-01,4.941634164418831632e-01,3.324861720961063138e-01,6.510488096200958141e-01,-1.831693273001237798e-01,-7.886604174317247695e-01
7.177398978028198817e-01,3.632210435977362706e-01,-7.857744734124609831e-01,6.944053388116323555e-01,1.180827557357200464e+00,1.009774575713130895e+00,-1.183553280142926489e+00
2.231993664733916027e+00,5.196412714377399489e+00,-1.990158866676718930e+00,5.045287915244033305e-01,4.059204423861542121e-01,2.361299786486599217e+00,-2.100551358531991042e+00
1.158124635273261316e-01,-6.673860038479271228e-01,-5.769513596258304400e-01,1.706294220227075054e-01,7.246459620395474532e-01,3.140020582200691024e-01,-2.606506310757218947e-01
2.298652145972618577e+00,2.459973312538913603e+00,-1.838706551731680960e+00,-1.698407900701671136e-01,8.443199209435597874e-01,1.882565108193907655e+00,1.861455771464586073e+00
3.074443316862054965e-01,-6.673860038479271228e-01,-3.943962446034071645e-02,-1.021067952127910905e+00,4.992735215225679313e-01,5.375337599911508280e-01,-4.666692922963187606e-01
9.097932634284583431e-01,-9.877521905031973193e-02,-6.546386576765402809e-01,-1.364232244820654083e+00,1.866741124649970995e-01,6.562305713161858955e-01,2.124051032416519325e-01
5.154500614648949153e-01,-2.409279152497215692e-01,-4.027936924120604778e-01,-9.905753014556475944e-02,8.026551406202856453e-01,8.635176819089284139e-01,-1.269752927229037098e+00
-1.370110819369083188e+00,-5.963096557482262527e-01,7.470931434717442698e-01,1.324156150705060986e+00,-1.338126071137374584e+00,-1.588203527267639803e+00,7.204007391424156748e-02
-2.554206865065669518e+00,-6.673860038479271228e-01,3.768815190641789048e+00,2.269482199525386878e+00,-8.348748598676556387e-01,-2.228147597007427372e+00,-2.364328149378013347e-02
-2.665220710360637901e-01,4.337747714908212621e-02,5.183194353625954383e-03,-2.235317881127320619e-02,-1.595599542768221024e+00,-4.734196523737539408e-01,1.365814781975498438e-01
-8.553860024739292633e-01,-5.607714816983757622e-01,3.968466990740003308e-01,7.355138647098797833e-01,2.862341326818160225e-01,-9.076889644523256084e-01,1.982495653887028919e-01
-9.600932188085810060e-01,7.891565119893258207e-02,2.743350206678075165e-01,-8.235440973820999655e-02,2.492739539687280070e-01,-1.069275465969105943e+00,2.137684695996886930e+00
-6.013230876743744791e-01,-4.541569595488243460e-01,5.589170016862423651e-01,1.006951680294638107e+00,7.510942376237026430e-01,-3.733915541648079595e-01,-7.825615716896715535e-01
-8.261794234087081745e-02,6.475264359965400285e-01,-1.263186480331414119e-01,-2.062241449306981556e-01,-1.828281388473713021e+00,-2.341626593998937245e-01,-5.702732433690975711e-01
-1.661175739662311246e+00,-5.607714816983757622e-01,7.672548633177438404e-01,1.442591020939028301e-01,-2.969300099893174671e+00,-2.058019571957876437e+00,1.787906387338981662e-01
5.518700198904226140e-01,6.475264359965400285e-01,-3.524810865587566511e-01,-3.169054428606739582e-01,5.343608481480081052e-01,4.595018918771055505e-01,1.116339069717382504e+00
-4.551336953396832863e-01,-5.963096557482262527e-01,7.089827271548543308e-01,-4.307794777665381880e-01,6.387928726961604742e-01,-7.920507331764491121e-02,-7.891021399523494573e-01
-7.069148608470229300e-01,-1.343133931001701808e-01,3.407425973614588988e-01,-7.169723919191848260e-01,-1.442209007887299999e+00,-8.450064942935240353e-01,-2.198867832668555677e-01
-9.538715952827536704e-01,-2.764660892995720598e-01,3.487060694622658996e-01,-1.568311609699095222e+00,3.307491016529791050e-01,-9.202905106051211259e-01,9.775632430754942481e-01
1.470022488617478418e+00,2.921446954980353450e-01,-9.608990299116051403e-01,-2.034121780708386229e+00,9.493394243500564711e-01,1.661726976755250718e+00,-1.429763628081618831e+00
-8.535470187046012569e-01,-2.409279152497215692e-01,-1.032663674889710143e-01,-1.955582019431950425e+00,-2.718117367281701835e+00,-1.234751030766739088e+00,2.207616354954826221e+00
-4.643142782477571173e-01,-6.673860038479271228e-01,5.599815664867926479e-01,-5.733295470309029279e-02,-6.369708859629622522e-01,-7.021636065055198994e-01,2.099039905799253258e+00
-3.571249680760310574e-01,-3.120042633494224948e-01,-8.026218746545005223e-02,5.806398579878201405e-01,6.532429436571648429e-01,-4.319046531239217890e-01,1.059415925848695844e-01
4.981204031808594834e-01,2.921446954980353450e-01,-4.651150026750694444e-01,8.958934413326898882e-01,1.448342722322015108e+00,3.388480279010582241e-01,-1.350167986206175785e-01
-1.190077078040483322e-01,8.607554802956427498e-01,-4.708354073012513408e-01,1.289498055057193282e+00,-2.595963075374274620e+00,-4.651232359910911773e-01,2.117253015694358975e+00
6.286208724998982866e-01,1.607057135342502496e+00,-7.355563543669058069e-01,-6.190218110202952984e-01,4.504217238999000394e-01,5.982823923667381916e-01,-3.565658474082473162e-01
5.441670212770114423e-01,-5.963096557482262527e-01,1.093377440515621440e-01,4.837653029379422875e-01,4.343378235970029450e-02,3.954893306842960365e-01,-2.699888848486529658e-01
3.434240980602942805e-01,-6.673860038479271228e-01,3.799643362628035703e-01,6.109589371498623800e-01,-4.180703927552288923e-01,2.659583573331876782e-01,-4.439952513345525320e-01
4.208164619304070042e-01,-4.896951335986748366e-01,3.348754345398458759e-02,2.088870710420463350e+00,2.144130719484547143e-01,4.584598250275089826e-01,-5.151974745378692377e-01
9.568165226990383854e-01,-4.541569595488243460e-01,-1.399839450004015384e-01,-1.649086192898439607e-01,-1.681744683716704658e-01,8.999838163381179701e-01,-9.720176111983845901e-01
8.164786024988863744e-01,1.144538252487830449e-01,-7.027405669333758320e-01,-1.720675616327043134e-01,9.227797977368453752e-01,9.243557346762150129e-01,-6.134943658885000373e-01
-4.048674778170608390e-01,-5.607714816983757622e-01,4.784144918670146240e-01,-1.277412667428369231e+00,2.104528873104974107e-01,-5.332347677650636775e-02,-4.929623219471418460e-01
-6.524748128330963848e-01,-6.673860038479271228e-01,5.856849138822693979e-01,-5.596519961211053884e-01,1.793697296375880712e-01,-2.536176360948458886e-01,-7.705498632989873364e-01
-7.805025988073186483e-01,-6.673860038479271228e-01,5.888513770141602377e-01,3.357961730153834479e-01,3.788421310055018476e-01,-2.859322657481640495e-01,-7.974997792839331190e-01
3.982305436952194855e-01,5.764500878968390474e-01,-5.980311466719234748e-01,6.889686192635441353e-01,7.695816729779224596e-01,6.370235117858249474e-01,-8.549556132204617631e-01
1.534851924174323257e+00,2.673202356838016325e+00,-1.509863755777395067e+00,5.012399157578872888e-01,-3.331683186980594624e-01,1.546132445329299276e+00,-1.475372061036981375e-01
2.889763796281319963e-01,-5.963096557482262527e-01,-6.179772656725865954e-01,1.769896279122289695e-01,7.973056141872807423e-01,6.473672392598112113e-01,-9.081278629948827952e-01
2.320837781770792585e+00,2.957507749236820249e+00,-1.902097137507002156e+00,-2.234204004889299988e-01,9.028437773623629869e-01,1.922254152858328569e+00,2.350517544884125343e+00
8.468016572851140289e-01,-6.673860038479271228e-01,-4.808047731600402774e-01,-1.012663044534673595e+00,5.222186827818120491e-01,9.716910017425706148e-01,-5.441924689409797233e-01
8.844423170451932714e-01,-2.053897411998711064e-01,-7.244027655863670700e-01,-1.395548716838278525e+00,2.447249456381639932e-01,6.212175856523098894e-01,1.063609903135592505e-01
