7.764139473180017292e-01,6.369463953244122179e-01,-6.096076912824841543e-01,-1.248549966058282029e-01,7.615603735711351518e-01,-9.773536577210184539e-01,5.203451448667167911e-01
-1.183268417528308580e+00,-8.069402182863061324e-01,1.259189657403173790e+00,1.331292608948938083e+00,6.198371926478347671e-01,1.671169188519931126e+00,-8.759061843342319520e-01
-9.527175510758014720e-01,-7.351957246250634403e-01,5.796269851538438100e-01,2.263241522462679178e+00,-7.077989164088187568e-01,9.114249604256648984e-01,-3.804982859958321861e-01
3.153122144129875126e-01,-2.220790519926677531e-01,-3.547716891889851065e-01,-1.986732031009099397e-01,-3.793047078531148197e-01,-2.797087343550091476e-01,4.922791406384827706e-01
-7.221666846232943637e-01,-5.943898243293254113e-01,5.796269851538438100e-01,6.982991459090202024e-01,-8.270610421640579857e-02,4.502115769247305166e-01,-5.024258828738187299e-01
-7.221666846232943637e-01,-7.040214406005793624e-01,4.946816511226766466e-01,-1.881623205599291526e-01,9.076753201009498673e-01,6.557809707137184363e-01,-2.008633820263787673e-01
1.122240246996762281e+00,1.310063608827563453e+00,-1.034334361438314920e+00,9.719486650609733269e-01,4.566275191544747480e-01,-1.112557900589403070e+00,5.342691097843230708e-01
2.044443712806790714e+00,2.769654976261967771e+00,-1.713897033687644900e+00,-1.334795467933898028e-01,5.375031703807556793e-01,-1.511159022384505946e+00,7.803036057646448587e-01
-8.374421178495479179e-01,-6.843289214403938114e-01,4.097363170915107045e-01,1.395461521970154939e-01,6.668172526224094288e-01,2.393711730385890413e-01,-2.279231738621384229e-01
8.476134796048044595e-02,-2.036460944816871066e-01,-2.698263551578191644e-01,-3.142970318210857039e-01,-1.475037869368947263e-01,-7.645166591011066659e-01,2.979082177160854994e-01
-4.916158181707872554e-01,-6.392669512325496184e-01,2.398456490291788756e-01,-5.577311242566135308e-01,-1.055522731741296988e-01,4.678462062938838484e-01,1.018161849406131608e-01
-6.068912513970408096e-01,-6.717698328339281044e-01,3.247909830603448178e-01,-7.930175345203073212e-01,-4.760216438216052226e-01,6.900425363452162841e-01,-7.548307091611199116e-02
-2.610649517182802026e-01,-4.693547033584451467e-01,1.549003149980129612e-01,-1.547832197841959578e+00,8.043391234731925854e-01,2.945550776598339013e-02,2.217724999797117125e-01
-3.763403849445337013e-01,-5.735910313714265296e-01,2.398456490291788756e-01,-2.045067393366539754e+00,-1.392961641658831649e-02,2.150831853360189172e-01,1.528835260113165229e-01
1.006964813770508727e+00,4.731642368989595338e-01,-8.644436933759819253e-01,-1.963349615444847318e+00,2.474210372227127475e-01,-9.887741795981843662e-01,7.694584717505071891e-01
-4.916158181707872554e-01,-5.215925939588679228e-01,1.549003149980129612e-01,1.676500861095343159e-02,-6.195910747229297355e-01,-6.119267478071709065e-02,-2.980011235611190745e-02
-2.610649517182802026e-01,-5.266132328491450465e-02,6.995498096684577005e-02,4.366845260291478126e-01,1.870653825551729099e-01,-5.596029890562626008e-01,-3.426563743235095383e-01
2.736096312164312039e+00,4.060395844891563577e+00,-2.223569037874641552e+00,9.433300037878814548e-01,8.709945266077153692e-01,-1.555647356410241988e+00,9.113632014664491132e-01
3.153122144129875126e-01,-1.373448630765132517e-02,-4.397170232201509932e-01,1.255708256917317467e+00,1.619511968829049131e+00,-4.100516470835338656e-01,3.451465730635392415e-01
1.583341979901776497e+00,1.329218881919428386e+00,-1.374115697562980021e+00,-6.165987657238477526e-01,1.136743132528092781e+00,-1.238682070086757792e+00,8.951625632392776755e-01
-6.068912513970408096e-01,-6.621499989749930482e-01,4.946816511226766466e-01,4.888014927262177567e-01,-1.201398663585293347e+00,4.502115769247305166e-01,9.207252920813734087e-02
-7.221666846232943637e-01,-7.248452615176873559e-01,7.495176532161756944e-01,7.354128494139605676e-01,-2.063468952851116978e+00,8.613503645027064115e-01,-4.599324337234789173e-02
-1.457895184920266485e-01,-5.669740546313427609e-01,-1.499035306432015303e-02,2.112829336166381466e+00,-5.572638700351385532e-01,3.492301203266316989e-01,4.293819939179980838e-01
4.305876476392410668e-01,-3.137239026096765721e-02,-4.397170232201509932e-01,-1.580560916979169561e-01,-2.081544179632700553e-01,-2.932643972787752906e-01,5.719920618348464103e-01
6.611385140917481751e-01,-1.043880701506185726e-01,-6.945530253136500409e-01,-1.975956614296415503e-01,2.535345028049195149e-01,-2.877298366767642723e-01,7.606405226556903765e-01
-6.068912513970408096e-01,-6.402246597058659505e-01,7.495176532161756944e-01,-1.320649132909242462e+00,5.395061838475581073e-01,3.302960972144879936e-01,-2.477184277596683470e-02
-9.527175510758014720e-01,-7.493842407097086600e-01,6.645723191850096967e-01,-5.996975696897155483e-01,-7.077989164088187568e-01,5.424542536249178371e-01,-3.242780646026707236e-01
-8.374421178495479179e-01,-6.915732460543934090e-01,5.796269851538438100e-01,3.324861720961063138e-01,-9.112771496740428023e-02,3.975014759531953490e-01,-2.468864102372431424e-01
6.611385140917481751e-01,1.419642947036718617e-01,-6.945530253136500409e-01,6.944053388116323555e-01,1.017717700580657469e+00,-9.026810146780098743e-01,6.494278015986496566e-01
6.611385140917481751e-01,5.066106336958109413e-01,-6.945530253136500409e-01,5.045287915244033305e-01,1.170554340135804283e+00,-8.616842694779270895e-01,4.826183418060278618e-01
-1.759645583659576351e+00,-8.397138796540742911e-01,2.958096338026498628e+00,1.706294220227075054e-01,-7.016944944147528451e-01,2.848521171129589469e+00,-3.196226808716822188e+00
4.305876476392410668e-01,4.360043086317458849e-01,-5.246623572513169353e-01,-1.698407900701671136e-01,1.277417718512762423e+00,-6.050446445254069605e-01,2.269895182336267025e-01
-1.990196450112083237e+00,-8.397138796540742911e-01,2.448424333839500200e+00,-1.021067952127910905e+00,-2.507077299159931716e+00,2.848521171129589469e+00,-5.270881933954775000e+00
1.583341979901776497e+00,1.654226266668531231e+00,-1.374115697562980021e+00,-1.364232244820654083e+00,1.106425333824502033e+00,-1.274959021931873604e+00,6.521908610024361730e-01
8.916893805442552834e-01,1.281199017620654690e+00,-7.794983593448159276e-01,-9.905753014556475944e-02,3.716603241020013382e-01,-1.316031203043872111e+00,5.250271885708076569e-01
-1.183268417528308580e+00,-7.915171275363230841e-01,9.194083212785088000e-01,1.324156150705060986e+00,6.198371926478347671e-01,1.147901640693417269e+00,-7.899203538009731407e-01
-1.067992984302055026e+00,-7.892202999500309568e-01,8.344629872473415810e-01,2.269482199525386878e+00,-2.507077299159931716e+00,1.540352301563303383e+00,-6.098537260626477607e-01
8.916893805442552834e-01,4.570027905782322875e-01,-8.644436933759819253e-01,-2.235317881127320619e-02,5.041429759874981320e-01,-8.907152158942417408e-01,6.951836424112309842e-01
-6.068912513970408096e-01,-4.357839437779716385e-01,5.796269851538438100e-01,7.355138647098797833e-01,6.845815878002957655e-01,-8.940808177136239099e-02,-4.478962022452138148e-01
-3.763403849445337013e-01,-6.340537498144229733e-01,3.247909830603448178e-01,-8.235440973820999655e-02,-4.724395350820326800e-01,4.972372552424734748e-01,7.673562386599275253e-02
1.006964813770508727e+00,8.746629915171731939e-01,-8.644436933759819253e-01,1.006951680294638107e+00,4.537505006221631554e-01,-1.236875172102135378e+00,6.310198797661558112e-01
2.044443712806790714e+00,2.677629462087556700e+00,-1.713897033687644900e+00,-2.062241449306981556e-01,9.526038659772790851e-01,-1.491739511500255855e+00,8.140678857059387985e-01
-3.763403849445337013e-01,-5.685810402472550873e-01,2.398456490291788756e-01,1.442591020939028301e-01,1.132345180247016359e+00,1.680575070182767361e-01,1.296070513446615780e-01
-1.457895184920266485e-01,-5.037426118154901822e-01,6.995498096684577005e-02,-3.169054428606739582e-01,-3.715673529756342575e-01,1.598898892051948684e-01,2.546668806561858678e-01
-8.374421178495479179e-01,-7.487522393694494571e-01,5.796269851538438100e-01,-4.307794777665381880e-01,-1.038558924454669352e+00,1.030022687611619858e+00,-1.997675139946672174e-01
-7.221666846232943637e-01,-7.133697097413937982e-01,6.645723191850096967e-01,-7.169723919191848260e-01,-1.898405382131556740e+00,7.928272332397107158e-01,-2.500135307681353725e-01
-1.183268417528308580e+00,-8.108343500462595888e-01,1.174244323372006571e+00,-1.568311609699095222e+00,-3.063399509358859074e+00,1.671169188519931126e+00,-8.279756183125069890e-01
-4.916158181707872554e-01,-6.838219497527643354e-01,3.247909830603448178e-01,-2.034121780708386229e+00,-6.195910747229297355e-01,7.852695349386450419e-01,9.923903796880867434e-02
3.153122144129875126e-01,6.137068578148460740e-02,-2.698263551578191644e-01,-1.955582019431950425e+00,5.233866945194757259e-01,-6.707374725405832461e-01,4.862183027901887389e-01
-1.457895184920266485e-01,-3.082717370276779056e-01,-9.993568709548607265e-02,-5.733295470309029279e-02,-1.743188566256440833e-04,-3.323947117105391924e-01,1.513272530802266536e-01
-3.763403849445337013e-01,-3.573341079281050492e-01,2.398456490291788756e-01,5.806398579878201405e-01,2.153253429161318122e-01,2.698047206504946421e-02,-1.596750768979944002e-01
2.044443712806790714e+00,2.168838476056919706e+00,-1.713897033687644900e+00,8.958934413326898882e-01,5.375031703807556793e-01,-1.268415136331382698e+00,9.298599397365892028e-01
4.305876476392410668e-01,3.650172931662257203e-01,-4.397170232201509932e-01,1.289498055057193282e+00,1.039726176676598612e+00,-7.009770282936010899e-01,3.056335157315121509e-01
1.352791113449269389e+00,1.127323820539667842e+00,-1.204225029500646915e+00,-6.190218110202952984e-01,1.131397845704319005e+00,-1.198626269091109586e+00,8.390892385177043389e-01
-4.916158181707872554e-01,-7.205462711969250478e-01,4.097363170915107045e-01,4.837653029379422875e-01,-1.647668677820529837e+00,1.102692863583405458e+00,2.558664956523778455e-01
8.476134796048044595e-02,-4.978713109391152414e-01,-1.848810211266519732e-01,6.109589371498623800e-01,-9.148447665216200564e-01,2.944771876906492336e-01,5.739292068118945211e-01
2.000367811867339862e-01,-1.651273619190844755e-01,-2.698263551578191644e-01,2.088870710420463350e+00,-7.178507401756875628e-02,-2.228318269825614317e-01,5.398435872603907226e-01
4.305876476392410668e-01,-1.340498837794051323e-01,-4.397170232201509932e-01,-1.649086192898439607e-01,1.483828947909777984e-01,-2.452982053946786145e-01,6.538148678012081216e-01
3.153122144129875126e-01,-2.624613515521360685e-01,-4.397170232201509932e-01,-1.720675616327043134e-01,-3.148267505407851830e-01,-1.754344041721887515e-01,6.070426799046405586e-01
-4.916158181707872554e-01,-5.541645331094661175e-01,3.247909830603448178e-01,-1.277412667428369231e+00,-7.481007751101318437e-01,9.751898954166350608e-02,1.376751371438442728e-01
-1.183268417528308580e+00,-7.587610310948951220e-01,1.004353655309674798e+00,-5.596519961211053884e-01,-9.148447665216200564e-01,7.554509798235310436e-01,-8.767496656673107180e-01
-3.763403849445337013e-01,-5.242359720997034067e-01,3.247909830603448178e-01,3.357961730153834479e-01,4.445803022488540313e-01,-6.707088457043486329e-02,2.310191617614939241e-01
1.122240246996762281e+00,1.165196989637144132e+00,-1.034334361438314920e+00,6.889686192635441353e-01,3.020414487615466492e-01,-9.733012144742821947e-01,6.434392416170260365e-01
3.153122144129875126e-01,4.030031850017537498e-02,-4.397170232201509932e-01,5.012399157578872888e-01,1.039210353018098498e+00,-5.143259772663534291e-01,3.670654283853639344e-01
-1.759645583659576351e+00,-8.370323475879299924e-01,3.127987006088830402e+00,1.769896279122289695e-01,-1.733341811411996503e+00,2.368859252288618045e+00,-3.193739593790731135e+00
8.476134796048044595e-02,1.899906915314487910e-01,-2.698263551578191644e-01,-2.234204004889299988e-01,1.156975878357144438e+00,-7.333697812542905314e-01,5.029766865594921532e-02
-1.413819283980815689e+00,-7.932276683285163221e-01,1.598970993527838669e+00,-1.012663044534673595e+00,5.592077819152130314e-01,6.500707097751354802e-01,-1.631381304345080663e+00
1.813892846354283606e+00,1.608890493191506454e+00,-1.544006365625311794e+00,-1.395548716838278525e+00,8.891071755495905116e-01,-1.235087056840845410e+00,8.458765716106472210e-01
