-7.218025259690329376e-01,-4.488333782581739873e-01,4.852148500764669192e-01,-1.248549966058282029e-01,9.075870281721258870e-01,-5.496406823490624927e-01,-1.159707807732134749e-01
-1.133499742372970465e+00,-4.488333782581739873e-01,3.162406409511097083e-01,1.331292608948938083e+00,-1.705816594030167943e+00,-1.174996383147689727e+00,7.427575593846668101e-01
-2.043002760902330905e+00,-4.488333782581739873e-01,1.507892713230414961e+00,2.263241522462679178e+00,-3.019079089423091666e+00,-2.226449949498056302e+00,1.851892184739395653e+00
-1.527179454236987421e+00,-4.488333782581739873e-01,8.780398646745202207e-01,-1.986732031009099397e-01,-2.259724653211436340e+00,-1.615975169408788936e+00,1.139935903222301095e+00
-1.163380101535890360e-01,-4.488333782581739873e-01,-1.536076911697002723e-01,6.982991459090202024e-01,6.819244606215536519e-01,-8.299220713304074348e-02,4.567786843197197966e-01
-9.466121077467945510e-02,-4.488333782581739873e-01,-1.657816360660802346e-01,-1.881623205599291526e-01,7.415497241576491927e-01,-1.601208848142869345e-01,1.629532272100615797e+00
2.503440084061200888e-01,-4.488333782581739873e-01,-4.078480715094559561e-01,9.719486650609733269e-01,9.173571156614249711e-01,1.820001628917821968e-01,2.461278329204600990e+00
1.165797561498519652e+00,3.639479144125299381e+00,-8.865447429200961071e-01,-1.334795467933898028e-01,3.286831638758177521e-01,1.170556999821019684e+00,-1.604569649084383931e+00
2.603362905539557404e-01,-4.488333782581739873e-01,-3.548531929320138945e-01,1.395461521970154939e-01,3.626962401333848618e-01,3.052974162549721426e-01,-5.278303034032502117e-01
9.501182038150943754e-01,-4.488333782581739873e-01,-6.044299992972097524e-01,-3.142970318210857039e-01,5.022211313678704991e-01,8.315593182279656936e-01,-3.182206909633767955e-01
2.324481127657102297e-01,-4.488333782581739873e-01,-2.358346660367517111e-01,-5.577311242566135308e-01,3.287060596620378639e-01,2.741939510149291603e-01,-2.642164490929226339e-01
-1.706676941318869378e+00,-4.488333782581739873e-01,1.207261556406753034e+00,-7.930175345203073212e-01,-1.582225658657601564e+00,-1.710990590935700384e+00,6.713499080033865640e-01
-5.875898938432094765e-01,-4.488333782581739873e-01,1.969794631175953159e-01,-1.547832197841959578e+00,4.355956003726071391e-01,-5.739180160145619380e-01,2.412731252272421134e+00
2.006118110772685953e-02,-4.488333782581739873e-01,-2.414718861040640874e-01,-2.045067393366539754e+00,6.704308625660707621e-01,1.098332241032433931e-01,1.116948167140797976e-01
-3.380672009648543197e-01,-4.488333782581739873e-01,-3.761367980507011183e-02,-1.963349615444847318e+00,-8.905939232703669051e-01,-2.425213306944041802e-01,-2.842817147142887579e-01
8.491211991658379477e-01,-4.488333782581739873e-01,-5.467669229109765050e-01,1.676500861095343159e-02,3.222322209095394019e-01,8.145949948884125824e-01,-8.420847563364313171e-01
9.520136800595645488e-01,2.392984324400344309e-01,-6.716456667087608023e-01,4.366845260291478126e-01,8.870625072560770485e-01,7.287299059220841979e-01,1.885628407121843209e+00
1.038032389643219977e+00,-4.488333782581739873e-01,-6.899650851381784467e-01,9.433300037878814548e-01,1.064911353363623858e+00,8.704518428592985524e-01,1.532116968736076390e-01
1.162694458049626345e+00,2.344172206340436659e+00,-8.287550345865808410e-01,1.255708256917317467e+00,1.739200025759186641e-01,1.114545047943151346e+00,-1.386293799581472364e+00
1.036133380388953418e+00,1.656040395642228269e+00,-8.012656262899396920e-01,-6.165987657238477526e-01,1.861139897264097731e-01,1.002437841632036530e+00,-1.139926395146436677e+00
5.960317125140121020e-01,-4.488333782581739873e-01,-3.914799395344974453e-01,4.888014927262177567e-01,1.084641239088318249e-01,5.064181779372090020e-01,-1.164088984310701971e-02
6.037562605104201952e-01,-4.488333782581739873e-01,-4.453128675106593493e-01,7.354128494139605676e-01,2.360166205780043769e-01,5.892767328490914336e-01,-3.718238039661982963e-01
4.754447764124944964e-01,-4.488333782581739873e-01,-3.840814843641663923e-01,2.112829336166381466e+00,4.926373161792078070e-01,5.215156226323297561e-01,-6.220015071641284976e-01
9.623864127964031345e-01,-4.488333782581739873e-01,-6.146793305482759484e-01,-1.580560916979169561e-01,2.933667539105950794e-01,8.785438791148991733e-01,-5.828512740358554600e-01
6.211028115491991075e-01,6.440818504978040870e-01,-5.188639123501065376e-01,-1.975956614296415503e-01,6.973891313177087437e-01,6.696031948429099767e-01,-8.742501816050167740e-01
-9.927933953173313508e-01,-4.488333782581739873e-01,6.569206494729377122e-01,-1.320649132909242462e+00,1.456849258450581275e-01,-8.268377470707947152e-01,1.180588227829318798e-01
-2.287168018366097400e+00,-4.488333782581739873e-01,4.111719849764068790e+00,-5.996975696897155483e-01,5.031928641460808871e-01,-2.290015481429105382e+00,8.867549631057867199e-01
-2.315849942771427195e+00,-4.488333782581739873e-01,2.802702144918495897e+00,3.324861720961063138e-01,-1.119158991678847359e+00,-2.418897289117800664e+00,1.193209608731841120e+00
3.240946041908773778e-01,-4.488333782581739873e-01,-4.386849360376141593e-01,6.944053388116323555e-01,1.184962850649250887e+00,4.279708750672548412e-01,-7.378493799108667428e-01
5.157012773382940729e-01,2.425128889951990718e+00,-5.515711377184383535e-01,5.045287915244033305e-01,-7.224466434196075149e-01,5.487581585541183582e-01,-1.101969781811836580e+00
2.967976916969786716e-01,-4.488333782581739873e-01,-3.719641145567184615e-01,1.706294220227075054e-01,5.084669727014106133e-01,3.980467814055759224e-01,-6.534503723836129208e-01
8.403156629345344131e-01,2.392984324400344309e-01,-6.713696194076236301e-01,-1.698407900701671136e-01,4.574620330166086490e-01,8.833564969295385483e-01,-1.184157610320892839e+00
-1.463005624896302204e-01,-4.488333782581739873e-01,-2.176112332092690338e-02,-1.021067952127910905e+00,4.678813759293235508e-01,5.407865323505691400e-03,-2.872551584218601128e-01
4.249664423484536546e-01,-4.488333782581739873e-01,-3.904747707589783512e-01,-1.364232244820654083e+00,6.643363415211913647e-01,4.505208935863487807e-01,-1.374109865134876540e-01
-6.473459263600066516e-01,-4.488333782581739873e-01,3.910601634759113820e-01,-9.905753014556475944e-02,7.138453962358659588e-01,-4.740254985758789452e-01,-1.911805710871568864e-01
-1.280772455979831248e+00,-4.488333782581739873e-01,4.408894904150916783e-01,1.324156150705060986e+00,-2.329123107532789394e+00,-1.353552734410262470e+00,1.006506461603829061e+00
-2.154828207199130041e+00,-4.488333782581739873e-01,1.649378190356639573e+00,2.269482199525386878e+00,-3.180215903765646335e+00,-2.368727054997116444e+00,2.542699102188504146e+00
-1.480690736154897102e+00,-4.488333782581739873e-01,8.963354465518981185e-01,-2.235317881127320619e-02,-1.927813724794247729e+00,-1.535524515613835073e+00,1.871014451912198950e+00
-3.443637323745311618e-01,-4.083550364523970133e-01,7.627149402396735459e-03,7.355138647098797833e-01,2.517946278130909210e-01,-2.886726085857151403e-01,2.038900636042139183e-02
1.093531797737764821e-01,-3.678766946466200949e-01,-3.026527208379239942e-01,-8.235440973820999655e-02,6.284752775834069327e-01,1.025846507923617867e-01,4.521422183333044797e-01
5.315801609023145247e-01,-2.464416692292891731e-01,-5.303935103471469903e-01,1.006951680294638107e+00,7.307408042645437973e-01,5.314247690259027435e-01,6.258902640308147691e-02
9.885200915079636053e-01,3.356130751484860841e+00,-8.102793208341371178e-01,-2.062241449306981556e-01,-1.066347388511208055e-01,1.017304277180418604e+00,-1.542016623678752696e+00
3.230821325662658339e-01,-2.869200110350661470e-01,-3.806694030207485313e-01,1.442591020939028301e-01,-6.041690265834870344e-01,3.590244183349236007e-01,-7.416988298137842106e-01
9.612462552315146347e-01,-4.083550364523970133e-01,-6.257878125775325762e-01,-3.169054428606739582e-01,5.445085483624555467e-01,8.443875935058680060e-01,-2.829460664253298785e-01
1.931443187294405173e-01,-4.488333782581739873e-01,-2.139864337042940989e-01,-4.307794777665381880e-01,3.292117143422661485e-01,2.564192642759123286e-01,-3.456994760302626313e-01
-1.443158239129112674e+00,-4.488333782581739873e-01,8.629928965837074806e-01,-7.169723919191848260e-01,-1.781347852422303868e+00,-1.400837004545013142e+00,4.517963352957786727e-01
-5.654829616489621680e-01,-4.488333782581739873e-01,1.999214394264278438e-01,-1.568311609699095222e+00,4.108692343429025118e-01,-5.413553096579540869e-01,1.695815037752261167e+00
2.198483524528295763e-01,-4.488333782581739873e-01,-3.674925059447778919e-01,-2.034121780708386229e+00,6.149217171635356083e-01,3.331704729018279409e-01,-4.191700270251264016e-01
-3.409055246811971140e-01,-4.488333782581739873e-01,-4.856540400267646967e-02,-1.955582019431950425e+00,-1.310329866822094624e+00,-2.581467871760081967e-01,-2.182032619589018563e-01
8.462516080627372483e-01,-4.488333782581739873e-01,-5.459898607959823291e-01,-5.733295470309029279e-02,3.214595133349490430e-01,8.091605336268170579e-01,-8.114995244340418301e-01
1.114932447264287863e+00,5.631251668862501392e-01,-7.905897499940921502e-01,5.806398579878201405e-01,9.563768626361029979e-01,9.719154109718325385e-01,2.078745091311420823e-01
1.080085672050638657e+00,-3.678766946466200949e-01,-7.300618092178571272e-01,8.958934413326898882e-01,1.137017338994573468e+00,9.090278769009688675e-01,2.490882313951230664e-01
1.063108840565951230e+00,3.072782358844421857e+00,-8.024616611452389803e-01,1.289498055057193282e+00,-5.921115387322545276e-01,1.017642863103079387e+00,-1.378168693539486789e+00
9.591339006346117912e-01,1.615562053836451462e+00,-7.849017811410399226e-01,-6.190218110202952984e-01,-2.147933977695415109e-01,9.467417831038742460e-01,-1.266179264471049892e+00
6.188079219655976404e-01,-4.488333782581739873e-01,-4.078527901869156702e-01,4.837653029379422875e-01,1.220327496598040545e-01,5.244139973344024153e-01,-1.142027545668589279e-02
6.449216384963646354e-01,-4.488333782581739873e-01,-4.719955201427493696e-01,6.109589371498623800e-01,2.662218664730273132e-01,6.292218560266751304e-01,-4.182127667882746813e-01
5.259141229944853668e-01,-4.488333782581739873e-01,-4.179458402777441184e-01,2.088870710420463350e+00,5.496621956480698401e-01,5.651413006597930666e-01,-6.290656437950736812e-01
9.933120249965294857e-01,-4.488333782581739873e-01,-6.420798640809074476e-01,-1.649086192898439607e-01,3.164988083386998663e-01,9.161706851720893274e-01,-6.562334219799146329e-01
7.196899889144194873e-01,9.679085849440198785e-01,-5.951165344288120718e-01,-1.720675616327043134e-01,7.375634177559269311e-01,7.624151184528790148e-01,-9.473318219269213358e-01
-1.053904722660673920e+00,-4.488333782581739873e-01,7.294289574572598855e-01,-1.277412667428369231e+00,-5.673643395353583641e-01,-8.904510389461187669e-01,1.139213979238678648e-01
-2.219821572609997684e+00,-4.488333782581739873e-01,3.724348804953480307e+00,-5.596519961211053884e-01,4.976508242043453101e-01,-2.202561338380143230e+00,8.514426793852835074e-01
-2.133935643223299650e+00,-4.488333782581739873e-01,2.314158842762909618e+00,3.357961730153834479e-01,-9.403420607328284442e-01,-2.182374962968624654e+00,1.338655757632233101e+00
2.514027628347826337e-01,-3.273983528408431209e-01,-4.159445062111903346e-01,6.889686192635441353e-01,1.038255051959142472e+00,3.386047369219530867e-01,-5.612650039211406483e-01
3.125613753695343777e-01,2.222737180923105793e+00,-4.389518786191631272e-01,5.012399157578872888e-01,-1.392878479434607852e+00,3.290222270106628044e-01,-7.905435706529581052e-01
1.918042726573776502e-01,-4.488333782581739873e-01,-3.146813385388127493e-01,1.769896279122289695e-01,2.144147927248304664e-01,2.879801423986489972e-01,-5.845555004659256371e-01
9.192754491513471793e-01,5.226468250804732207e-01,-7.100850782790145699e-01,-2.234204004889299988e-01,4.456288100447518552e-01,9.501095122302115614e-01,-1.235446105611074818e+00
8.952957689865602420e-02,-4.488333782581739873e-01,-2.024410442473055516e-01,-1.012663044534673595e+00,5.058466461512485246e-01,2.202056325470442000e-01,-4.218371375284544755e-01
4.409351697353143806e-01,-4.488333782581739873e-01,-4.015596078391951429e-01,-1.395548716838278525e+00,6.423206225087380039e-01,4.638760791902041825e-01,-7.801955223105905279e-02
