4.948726916856663882e-01,-3.823618460328100793e-02,6.528733678290911391e-02,-1.248549966058282029e-01,6.453814952942276140e-01,-9.947765314454171115e-01,3.918889286486196277e-01
-1.139887743002191867e+00,-5.846257211081367089e-01,1.233390532909800941e+00,1.331292608948938083e+00,5.716549229079517236e-01,1.436693705611798100e+00,-1.000904738840804997e+00
-1.001851618826621326e+00,-5.846257211081367089e-01,5.225489267153866635e-01,2.263241522462679178e+00,-1.049772892125727441e+00,6.533821466973140923e-01,-6.546140345759983159e-01
7.900725934266214501e-02,-4.904206286072995136e-01,-2.253556558463956638e-01,-1.986732031009099397e-01,-5.270096038120772874e-01,-5.274808796130974198e-01,3.039747426491443694e-01
-6.094560900190002517e-01,-5.657847026079693142e-01,4.581129154941550041e-01,6.982991459090202024e-01,2.073837729074379244e-01,6.511168944664162961e-01,-2.649584445576544378e-01
-5.193495160834810109e-01,-5.846257211081367089e-01,-1.007409199073863587e-01,-1.881623205599291526e-01,8.600229495149490644e-01,9.742662647159491263e-01,1.503590980406082911e-01
1.256088288410176057e+00,1.600932424911286178e+00,-1.333647490331744345e+00,9.719486650609733269e-01,5.565872804196156931e-01,-8.500256013193575599e-01,7.477467115435056932e-01
2.364357988438971603e+00,3.371988163927025273e+00,-1.868039667060993336e+00,-1.334795467933898028e-01,7.619264389001582094e-01,-1.165220054393749427e+00,1.017884096521984416e+00
-4.914175742539449443e-01,-3.962155361064623182e-01,-9.277874408253361516e-01,1.395461521970154939e-01,6.077577976095090984e-01,8.161157285734051969e-01,3.070795971956313819e-01
3.537443580681317035e-01,3.009021483997328938e-01,-1.149398561339231017e+00,-3.142970318210857039e-01,3.244541232056684654e-01,-3.075277962499374795e-01,7.120190231088155963e-01
-2.818004227688533647e-01,-4.904206286072995136e-01,-4.847721174789102472e-01,-5.577311242566135308e-01,-4.094072353416154386e-01,6.202882494699633043e-01,4.025774342438011577e-01
-7.854033622247159618e-01,-5.846257211081367089e-01,5.619483156951472491e-01,-7.930175345203073212e-01,-1.112393960150193317e+00,1.679649220687542410e-01,-3.797738722355286090e-01
-4.861849739326485342e-01,-5.469436841078018086e-01,2.600315029144231183e-01,-1.547832197841959578e+00,-1.709451395938245133e-01,-3.055767409346444863e-01,-2.478788320487309085e-02
-4.945988918452399741e-01,-5.657847026079693142e-01,2.330790768897826604e-01,-2.045067393366539754e+00,-4.328051818284113783e-01,-1.186897923226550716e-01,4.109188743991090687e-02
4.660934273280791240e-01,-5.469436841078018086e-01,-1.885473084141544298e-01,-1.963349615444847318e+00,3.260390930633637607e-01,-1.184433689373672216e+00,5.766901760171406766e-01
-2.669425555986634224e-01,-2.831694251054577283e-01,-7.621314565367746097e-01,1.676500861095343159e-02,-4.044569430843270030e-01,2.644135147117580575e-01,3.906451252629426496e-01
4.575534420959738446e-02,-2.831694251054577283e-01,-4.410308380187257793e-01,4.366845260291478126e-01,1.379107430234473575e-01,-7.994759513467586398e-02,3.884975576143567030e-03
2.819321113718327609e+00,3.221260015925685671e+00,-1.930890071217735260e+00,9.433300037878814548e-01,8.071857995354999593e-01,-1.285300082293931778e+00,1.130199213448817464e+00
6.582166135096836346e-01,1.878560373987282484e-01,-9.000227509857957608e-01,1.255708256917317467e+00,1.605021454051178020e+00,-7.318832707531586212e-02,5.992373596452764684e-01
1.382785742311443355e+00,1.600932424911286178e+00,-1.304610365178140219e+00,-6.165987657238477526e-01,1.170536865214562461e+00,-1.172788462173653290e+00,9.307908071328714339e-01
-6.302218483803750937e-01,-5.846257211081367089e-01,2.070106836922998017e-01,4.888014927262177567e-01,-1.702805136762808980e+00,3.324549590457459014e-01,-2.789670156739911672e-02
-7.363033360369420910e-01,-5.846257211081367089e-01,7.597776901638916280e-01,7.354128494139605676e-01,-2.650198418594535088e+00,6.038194485601102723e-01,-1.883670377007765073e-01
1.483783663244639395e-01,-1.701233141044530828e-01,-3.414259916916344006e-01,2.112829336166381466e+00,-3.711881492852449616e-01,5.036227637661734313e-01,5.570282169227318558e-01
4.001271113107143229e-01,-2.643284066052902781e-01,-1.396011432308151001e-01,-1.580560916979169561e-01,-4.928086154672452479e-01,-3.158888691772205881e-01,5.345283325254550633e-01
3.219171282624986863e-01,-2.078053511047879554e-01,3.354995592242250302e-01,-1.975956614296415503e-01,3.253687413593577826e-01,-6.611155532938171042e-01,5.442968993923229526e-01
-7.679170791182856615e-01,-5.657847026079693142e-01,1.345258749522515451e+00,-1.320649132909242462e+00,4.753241759648280662e-01,-4.800657225036495529e-02,-4.384978122187910277e-01
-1.192107084188375632e+00,-5.657847026079693142e-01,1.927725331527573305e+00,-5.996975696897155483e-01,-3.015898592099218178e-01,-1.946173176090834900e-01,-1.205043173782648580e+00
-1.013954433333922767e+00,-5.469436841078018086e-01,1.479048876368223020e+00,3.324861720961063138e-01,3.256154916087337092e-01,-1.475275270024457852e-01,-9.081972682901723326e-01
3.329286620802265340e-01,-3.585334991061274734e-01,-3.529943479676329182e-02,6.944053388116323555e-01,1.143658032143235248e+00,-9.959006730435000510e-01,5.048916166761815427e-01
4.968815654069744792e-01,-4.904206286072995136e-01,-8.306018651471888670e-02,5.045287915244033305e-01,1.340912646038761702e+00,-8.206981179562765627e-01,3.946055263016981507e-01
-1.602492872068584928e+00,-5.846257211081367089e-01,2.053013603848187874e+00,1.706294220227075054e-01,-7.982814025162469074e-01,3.057960090476758985e+00,-2.838150519752399070e+00
3.590270654245130144e-01,-7.591822160361588745e-02,-1.877145025993307847e-01,-1.698407900701671136e-01,1.335491590941369822e+00,-6.625931357291786616e-01,8.282001484235539113e-02
-1.824163995015270823e+00,-5.846257211081367089e-01,1.739128936046603568e+00,-1.021067952127910905e+00,-2.199828577571054211e+00,3.763426114851412763e+00,-4.566879019651517879e+00
1.685404572452468885e+00,2.147321961416142067e+00,-1.060909005415211048e+00,-1.364232244820654083e+00,1.231669614841320204e+00,-1.092481675141713460e+00,6.782883489227004015e-01
4.603732405866022281e-01,-9.475924010378332374e-02,7.475189866058506993e-02,-9.905753014556475944e-02,3.857274347269686876e-01,-1.315400229317045255e+00,3.749855733475795927e-01
-1.221003816518885232e+00,-5.846257211081367089e-01,1.484462976038328774e+00,1.324156150705060986e+00,6.132981160455849290e-01,8.113025029672806809e-01,-1.131521643076760730e+00
-1.117642971678158403e+00,-5.846257211081367089e-01,8.376694375840402218e-01,2.269482199525386878e+00,-2.080045666749878119e+00,1.098476023741977725e+00,-9.470007516652269031e-01
4.490392662762269227e-01,-1.136002586039507600e-01,-3.691536591936636080e-01,-2.235317881127320619e-02,-4.150769200889890126e-02,-1.097624356491254671e+00,4.563737408580317845e-01
-6.134840083063659577e-01,-5.846257211081367089e-01,7.180782880139664481e-01,7.355138647098797833e-01,8.271883218318923925e-01,3.215785086070489796e-02,-3.227310399481335690e-01
-1.720117157529966190e-01,-5.846257211081367089e-01,4.242033848246069133e-02,-8.235440973820999655e-02,-4.255801729115649690e-01,7.343267726776234738e-01,3.816863199081680924e-01
1.200413441352623733e+00,2.147321961416142067e+00,-1.379043052149190762e+00,1.006951680294638107e+00,3.327137545802270058e-01,-8.603643461015726412e-01,8.533242204910622686e-01
2.328474861829857190e+00,3.202418997425518388e+00,-1.839377856775871178e+00,-2.062241449306981556e-01,8.400423163148389438e-01,-1.186237748846202367e+00,1.019194290281979498e+00
-8.637287064499207800e-02,-4.527385916069646687e-01,-8.154523406941557306e-01,1.442591020939028301e-01,9.821371674706491639e-01,5.491433449721774274e-01,5.574978518572890618e-01
3.052940535198696570e-01,3.385841854000677387e-01,-1.057150149462386279e+00,-3.169054428606739582e-01,4.746016126670860730e-02,6.101900180232971982e-01,7.638710486381041775e-01
-4.956197937323304492e-01,-5.281026656076344139e-01,-3.687862211906138277e-01,-4.307794777665381880e-01,-1.021073236583466937e+00,1.411144636154850085e+00,2.555113843445079858e-01
-7.616441241742720747e-01,-5.846257211081367089e-01,6.479140924694498649e-01,-7.169723919191848260e-01,-1.460086213580024994e+00,5.038818837292087238e-01,-4.566318468895348981e-01
-1.068955519151004729e+00,-5.846257211081367089e-01,5.333974772721101765e-01,-1.568311609699095222e+00,-2.703535982012847505e+00,1.446442663873478640e+00,-8.645190953367120068e-01
-4.914134983764799069e-01,-5.657847026079693142e-01,2.726482782955979012e-01,-2.034121780708386229e+00,-8.611141814786905657e-01,4.394660338621656503e-01,8.733793938684820957e-03
1.435588012258317558e-01,-4.904206286072995136e-01,-2.744327803536742993e-01,-1.955582019431950425e+00,3.128260532311669118e-01,-7.471734909401051006e-01,3.919562649511948993e-01
2.112687374971391335e-02,-3.020104436056251229e-01,-7.220569521381968725e-01,-5.733295470309029279e-02,-1.099169344291943823e-01,-4.787742313255414356e-02,5.087112798729450658e-01
-1.021673503932353511e-01,-3.962155361064623182e-01,-2.264274709909371019e-01,5.806398579878201405e-01,6.625846103191833369e-02,3.553893577843069695e-01,1.606628974944997457e-01
2.263349199476708318e+00,2.015434831914969749e+00,-1.767780136606873942e+00,8.958934413326898882e-01,4.572902401828948804e-01,-9.938950726354911502e-01,1.133459472239361165e+00
4.456066421298004454e-01,1.828687089722130441e-02,-5.338303515665693277e-01,1.289498055057193282e+00,1.216084990529501697e+00,-5.080952920821836249e-01,4.915789689612000135e-01
1.269790506736496294e+00,1.205271036407769891e+00,-1.353576363649136471e+00,-6.190218110202952984e-01,1.175180882487091738e+00,-1.066978015695969617e+00,9.095766231080308906e-01
-4.480163330182333481e-01,-5.657847026079693142e-01,9.767582866726836482e-03,4.837653029379422875e-01,-1.575431287015897075e+00,8.405595519047781572e-01,2.098821528745938303e-01
-2.804831763277003676e-01,-5.846257211081367089e-01,5.338017910814963907e-01,6.109589371498623800e-01,-1.457863062688052436e+00,-2.179832235062811874e-01,3.050902007813469652e-01
3.542048190937646113e-01,1.124919633980585032e-01,-5.373280575029096839e-01,2.088870710420463350e+00,-1.038145803491597879e-01,-1.383523281165374430e-01,6.307304317843186459e-01
3.206577876435119934e-01,-2.078053511047879554e-01,-1.220816620158166922e-02,-1.649086192898439607e-01,-2.717324369461776514e-04,-4.124796363697383894e-01,5.535119569544083573e-01
2.415183596519088205e-01,3.712788939738874416e-02,-9.621855495227397970e-02,-1.720675616327043134e-01,2.608651435244258021e-01,-3.418796316435637195e-01,5.123655019613839734e-01
-7.293294224669422121e-01,-5.657847026079693142e-01,9.319441081387470627e-01,-1.277412667428369231e+00,-6.776510422353645424e-01,-3.375274895607894288e-01,-3.147528842602998478e-01
-1.356499563236131634e+00,-5.846257211081367089e-01,2.015100211445523648e+00,-5.596519961211053884e-01,-5.679289385241593768e-01,6.361733740617078747e-02,-1.664207873975596108e+00
-8.676971427525739244e-01,-5.657847026079693142e-01,1.391951486238160340e+00,3.357961730153834479e-01,8.808226210614996665e-01,-6.918847501835843072e-01,-4.033504635672292005e-01
8.631761216426582228e-01,-3.020104436056251229e-01,-5.830012220153494296e-01,6.889686192635441353e-01,4.833180886561661560e-01,-9.673534786012665254e-01,7.040552396205591590e-01
4.340193172606358618e-01,-2.266463696049554055e-01,-1.661658719540355378e-01,5.012399157578872888e-01,1.138410330869965348e+00,-3.402591615718473239e-01,4.335134643011442357e-01
-1.620752312758060310e+00,-5.846257211081367089e-01,2.315184028123664639e+00,1.769896279122289695e-01,-1.563114837850617223e+00,2.550574323349218187e+00,-2.937016489928427010e+00
2.497070878565662566e-01,-9.475924010378332374e-02,-6.886448871272748268e-03,-2.234204004889299988e-01,1.066776130846760928e+00,-4.599475419473008087e-01,9.575208140592916806e-02
-1.446317034658631373e+00,-5.846257211081367089e-01,1.512824185414303635e+00,-1.012663044534673595e+00,3.786712629696240562e-01,5.906005857107827772e-01,-2.029009126519532025e+00
1.708246372326688300e+00,1.940070757914299948e+00,-9.289176542616756072e-01,-1.395548716838278525e+00,1.047452170024761431e+00,-1.147699479756535634e+00,8.542588295137344412e-01
